Date/Time,Latitude,Longitude,Hail size,Damage total,Insurance payout,Number of deaths,Number of injuries,
2003-01-06 03:30:00,-33.6300,150.2800,2.0,0,0,0,0,
2003-02-08 09:30:00,-35.1200,148.6700,4.4,0,0,0,0,
2003-02-09 09:30:00,-35.5300,149.6300,2.0,0,0,0,0,
2003-02-10 02:30:00,-34.2800,150.5800,2.0,0,0,0,0,
2003-02-10 02:40:00,-34.3100,149.9700,2.0,0,0,0,0,
2003-02-12 06:50:00,-34.2800,150.5800,2.0,0,0,0,0,
2003-02-13 02:50:00,-31.8900,152.5500,2.5,0,0,0,0,
2003-03-09 03:20:00,-33.1600,150.6800,2.8,0,0,0,0,
2003-03-09 04:00:00,-33.7300,150.5600,2.0,0,0,0,0,
2003-03-09 05:50:00,-32.6400,151.4200,3.0,0,0,0,0,
2003-03-09 20:30:00,-35.3200,149.1200,2.0,0,0,0,0,
2003-03-14 07:30:00,-35.3500,149.0800,2.0,0,0,0,0,
2003-03-20 04:45:00,-33.4500,151.4400,5.5,0,0,0,0,
2003-03-20 06:10:00,-32.7800,151.7300,2.0,0,0,0,0,
2003-03-20 08:30:00,-31.8800,152.3600,2.0,0,0,0,0,
2003-03-22 08:30:00,-28.7800,152.9800,3.0,0,0,0,0,
2003-03-23 05:50:00,-28.8800,153.0500,4.4,0,0,0,0,
2003-03-29 04:50:00,-35.3000,148.2200,4.4,0,0,0,0,
2003-03-30 05:00:00,-30.1300,153.0200,5.0,0,0,0,0,
2003-03-30 05:15:00,-31.8900,152.5500,2.0,0,0,0,0,
2003-03-30 05:30:00,-31.3300,152.8000,6.0,0,0,0,0,
2003-03-30 06:00:00,-29.6800,152.9300,6.0,0,0,0,0,
2003-03-30 06:00:00,-30.0490,153.1350,4.4,0,0,0,0,
2003-03-30 06:30:00,-28.9900,153.2900,2.0,0,0,0,0,
2003-03-30 07:30:00,-29.2000,153.2700,5.0,0,0,0,0,
2003-03-30 08:30:00,-28.6800,153.5200,2.0,0,0,0,0,
2003-05-12 04:00:00,-32.2490,148.6010,6.3,0,0,0,0,
2003-07-01 07:00:00,-34.5490,146.4010,0.5,0,0,0,0,
2003-08-18 07:00:00,-31.4320,152.9180,2.0,0,0,0,0,
2003-09-12 04:30:00,-35.5500,147.9800,3.0,0,0,0,0,
2003-09-12 06:30:00,-35.3200,149.1200,2.0,0,0,0,0,
2003-10-02 02:40:00,-31.5320,150.8350,3.0,0,0,0,0,
2003-10-02 03:40:00,-30.9820,150.2510,6.3,0,0,0,0,
2003-10-02 06:00:00,-29.5320,148.5680,4.4,0,0,0,0,
2003-10-05 05:45:00,-32.8100,151.3500,4.4,0,0,0,0,
2003-10-18 05:30:00,-34.2230,150.5930,4.4,0,0,0,0,
2003-10-20 07:40:00,-28.9480,153.4680,3.0,0,0,0,0,
2003-10-24 06:50:00,-28.9060,152.7220,7.5,0,0,0,0,
2003-10-25 00:00:00,-33.5150,151.3350,1.2,0,0,0,0,
2003-10-25 03:00:00,-31.9990,149.4850,3.0,0,0,0,0,
2003-10-25 03:00:00,-33.6990,150.5350,4.0,0,0,0,0,
2003-10-25 03:00:00,-33.6970,150.5680,2.5,0,0,0,0,
2003-10-25 03:10:00,-31.9990,151.9680,3.0,0,0,0,0,
2003-10-25 03:15:00,-33.7090,150.5850,4.4,0,0,0,0,
2003-10-25 03:40:00,-33.7490,150.7510,3.0,0,0,0,0,
2003-10-25 03:45:00,-33.7150,150.7510,6.3,0,0,0,0,
2003-10-25 04:00:00,-33.6570,150.8100,6.0,0,0,0,0,
2003-10-25 04:00:00,-33.6990,150.5350,3.5,0,0,0,0,
2003-10-25 04:15:00,-33.7150,150.7510,4.0,0,0,0,0,
2003-10-25 04:27:00,-33.7290,150.9540,3.2,0,0,0,0,
2003-10-25 04:30:00,-32.7400,151.6430,5.0,0,0,0,0,
2003-10-25 04:30:00,-33.6820,150.8680,0.0,0,0,0,0,
2003-10-25 04:35:00,-33.6600,150.9350,4.4,0,0,0,0,
2003-10-25 04:45:00,-33.6870,150.9900,2.0,0,0,0,0,
2003-10-25 05:00:00,-33.7070,151.1180,3.0,0,0,0,0,
2003-10-25 05:30:00,-33.6070,151.1430,3.8,0,0,0,0,
2003-10-25 05:30:00,-33.4900,150.9430,4.4,0,0,0,0,
2003-10-25 06:15:00,-28.9060,152.7220,5.0,0,0,0,0,
2003-10-25 06:20:00,-30.3150,153.1180,2.5,0,0,0,0,
2003-10-25 13:25:00,-33.6820,150.6010,3.5,0,0,0,0,
2003-10-26 04:00:00,-28.6250,153.0120,8.0,0,0,0,0,
2003-10-26 04:05:00,-29.6320,153.0350,4.4,0,0,0,0,
2003-10-26 04:25:00,-29.5320,153.1850,10.0,0,0,0,0,
2003-10-26 04:30:00,-29.5150,153.1350,7.5,0,0,0,0,
2003-11-02 02:30:00,-34.5900,150.7430,2.0,0,0,0,0,
2003-11-10 02:45:00,-33.6990,149.8680,2.5,0,0,0,0,
2003-11-16 02:45:00,-35.3600,149.2300,3.5,0,0,0,0,
2003-11-21 00:15:00,-34.7490,146.5510,2.0,0,0,0,0,
2003-11-21 00:30:00,-34.5490,146.4010,1.0,0,0,0,0,
2003-12-11 18:55:00,-35.2150,148.0350,3.0,0,0,0,0,
2003-12-12 04:57:00,-32.2490,148.6010,7.0,0,0,0,0,
2003-12-12 07:51:00,-30.9320,148.3680,4.4,0,0,0,0,
2003-12-27 08:45:00,-29.9320,151.0350,1.0,0,0,0,0,
2004-01-07 05:15:00,-31.9820,151.5850,1.3,0,0,0,0,
2004-01-21 04:20:00,-36.0650,146.9010,2.0,0,0,0,0,
2004-01-21 08:55:00,-35.7150,150.1850,0.5,0,0,0,0,
2004-01-23 05:00:00,-32.2490,148.6010,2.0,0,0,0,0,
2004-01-23 06:00:00,-29.7820,151.1180,2.5,0,0,0,0,
2004-01-23 10:30:00,-28.6840,153.0020,0.0,0,0,0,0,
2004-01-24 03:10:00,-31.9990,151.9680,2.4,0,0,0,0,
2004-01-24 03:10:00,-32.6650,151.6010,4.0,0,0,0,0,
2004-01-24 04:00:00,-34.5900,150.5930,3.0,0,0,0,0,
2004-01-24 05:00:00,-34.5820,150.8760,2.0,0,0,0,0,
2004-01-24 06:05:00,-32.7650,151.7350,3.5,0,0,0,0,
2004-01-24 07:00:00,-29.7820,151.1180,3.0,0,0,0,0,
2004-01-24 07:10:00,-30.4320,152.6680,4.4,0,0,0,0,
2004-01-25 01:10:00,-33.4880,151.3100,2.0,0,0,0,0,
2004-01-25 01:45:00,-31.2650,150.7350,5.0,0,0,0,0,
2004-01-25 02:45:00,-31.2650,150.7350,5.0,0,0,0,0,
2004-01-25 05:00:00,-31.5650,149.9850,6.3,0,0,0,0,
2004-01-25 06:40:00,-29.7820,151.1180,6.3,0,0,0,0,
2004-01-26 11:30:00,-31.9990,151.9680,4.4,0,0,0,0,
2004-01-27 02:00:00,-34.4820,150.4180,2.0,0,0,0,0,
2004-01-27 02:45:00,-34.7150,150.1510,0.0,0,0,0,0,
2004-01-27 07:20:00,-32.5650,151.1680,7.0,0,0,0,0,
2004-01-27 09:00:00,-28.8150,153.2850,3.0,0,0,0,0,
2004-01-28 02:30:00,-30.2650,153.1350,5.0,0,0,0,0,
2004-01-28 04:00:00,-33.4150,150.7850,2.5,0,0,0,0,
2004-01-28 04:30:00,-33.3820,150.9850,2.5,0,0,0,0,
2004-01-28 04:45:00,-30.3150,153.1180,2.0,0,0,0,0,
2004-01-30 03:30:00,-35.7150,150.1850,2.2,0,0,0,0,
2004-01-30 04:15:00,-29.1150,153.4350,6.0,0,0,0,0,
2004-01-30 04:15:00,-28.9150,152.3680,4.0,0,0,0,0,
2004-02-02 02:50:00,-35.4320,149.1680,2.0,0,0,0,0,
2004-02-02 03:00:00,-34.5900,150.5930,2.0,0,0,0,0,
2004-02-02 03:15:00,-33.5980,150.7510,4.0,0,0,0,0,
2004-02-02 03:20:00,-34.5490,150.8430,3.8,0,0,0,0,
2004-02-02 03:20:00,-34.5820,150.8760,4.2,0,0,0,0,
2004-02-02 04:00:00,-35.9150,150.1510,3.0,0,0,0,0,
2004-02-29 08:00:00,-32.0490,152.2680,2.0,0,0,0,0,
2004-03-18 03:20:00,-31.0820,152.8350,4.0,0,0,0,0,
2004-03-21 07:00:00,-33.3820,148.0010,10.0,0,0,0,0,
2004-05-07 11:15:00,-34.5820,150.8760,3.0,0,0,0,0,
2004-08-28 10:30:00,-32.0500,151.9100,3.0,0,0,0,0,
2004-09-05 04:00:00,-33.5200,151.0600,2.5,0,0,0,0,
2004-09-05 05:30:00,-33.9400,151.1700,4.4,0,0,0,0,
2004-09-05 09:40:00,-33.7900,151.0200,2.0,0,0,0,0,
2004-09-19 04:45:00,-34.1800,150.6200,3.0,0,0,0,0,
2004-09-19 07:47:00,-33.6000,151.2000,2.0,0,0,0,0,
2004-09-19 08:30:00,-33.7200,150.3000,3.0,0,0,0,0,
2004-09-19 10:00:00,-32.9200,151.8000,5.5,0,0,0,0,
2004-10-22 04:20:00,-30.9900,151.5900,2.0,0,0,0,0,
2004-10-24 06:30:00,-33.5200,151.1400,6.0,0,0,0,0,
2004-10-24 06:45:00,-31.8900,152.5500,4.4,0,0,0,0,
2004-10-24 07:05:00,-32.3200,150.7600,12.0,0,0,0,0,
2004-10-24 08:40:00,-31.4400,152.9200,3.0,0,0,0,0,
2004-10-24 09:30:00,-33.7300,150.2300,5.0,0,0,0,0,
2004-10-24 12:00:00,-32.5900,149.5800,2.0,0,0,0,0,
2004-10-24 12:00:00,-31.4400,152.9200,2.0,0,0,0,0,
2004-11-02 03:25:00,-35.3200,149.1200,4.4,0,0,0,0,
2004-11-08 02:30:00,-30.3400,152.7100,3.0,0,0,0,0,
2004-11-08 06:50:00,-28.2900,153.3600,2.0,0,0,0,0,
2004-11-09 05:30:00,-28.8800,153.0500,8.0,0,0,0,0,
2004-12-06 06:00:00,-32.0700,146.3200,4.4,0,0,0,0,
2004-12-08 05:00:00,-33.1900,149.0100,3.0,0,0,0,0,
2004-12-08 05:45:00,-35.3700,145.4800,2.5,0,0,0,0,
2004-12-08 06:30:00,-34.6800,149.5700,2.5,0,0,0,0,
2004-12-08 08:00:00,-28.8100,153.2600,2.0,0,0,0,0,
2004-12-08 11:00:00,-32.7700,147.8500,3.0,0,0,0,0,
2004-12-11 09:00:00,-34.2200,144.4600,4.4,0,0,0,0,
2004-12-12 05:00:00,-28.4800,153.2400,2.0,0,0,0,0,
2004-12-13 03:30:00,-33.2100,150.4300,8.0,0,0,0,0,
2004-12-13 03:40:00,-27.0700,149.2500,4.4,0,0,0,0,
2004-12-13 04:45:00,-33.8700,151.2200,6.5,0,0,0,0,
2004-12-13 05:00:00,-28.8100,153.2600,3.0,0,0,0,0,
2004-12-13 05:00:00,-32.9100,151.4800,5.5,0,0,0,0,
2004-12-19 05:00:00,-32.0500,150.8500,2.0,0,0,0,0,
2004-12-19 05:10:00,-35.5600,151.3600,4.0,0,0,0,0,
2004-12-23 06:20:00,-29.1800,153.3900,4.5,0,0,0,0,
2004-12-23 21:45:00,-34.6800,149.5700,3.0,0,0,0,0,
2004-12-24 03:30:00,-33.6300,150.2800,2.5,0,0,0,0,
2004-12-24 03:40:00,-33.6300,150.2800,2.5,0,0,0,0,
2004-12-27 02:00:00,-29.6700,151.1500,3.0,0,0,0,0,
2004-12-27 02:30:00,-29.5000,151.3000,1.5,0,0,0,0,
2004-12-27 03:15:00,-29.6700,151.1500,4.5,0,0,0,0,
2004-12-27 03:40:00,-36.3500,149.5900,3.0,0,0,0,0,
2004-12-27 06:40:00,-29.0600,153.2600,2.5,0,0,0,0,
2005-01-15 07:40:00,-35.7200,150.1800,3.0,0,0,0,0,
2005-01-15 07:40:00,-35.7300,150.0500,3.0,0,0,0,0,
2005-01-20 01:00:00,-35.4600,149.1000,3.0,0,0,0,0,
2005-01-20 02:00:00,-34.7100,146.5100,5.0,0,0,0,0,
2005-01-20 02:55:00,-35.3800,149.3900,2.0,0,0,0,0,
2005-01-20 02:55:00,-34.5700,150.2600,4.0,0,0,0,0,
2005-01-20 03:15:00,-35.2400,148.9900,3.0,0,0,0,0,
2005-01-20 03:40:00,-34.6100,150.2500,6.0,0,0,0,0,
2005-01-20 04:00:00,-33.4300,149.5600,2.0,0,0,0,0,
2005-01-20 04:35:00,-33.5300,149.2500,3.0,0,0,0,0,
2005-01-20 04:55:00,-34.6800,150.8500,2.0,0,0,0,0,
2005-01-20 05:09:00,-30.8000,149.5500,3.5,0,0,0,0,
2005-01-20 05:35:00,-34.5600,150.8300,2.0,0,0,0,0,
2005-01-20 06:30:00,-34.6800,150.8500,4.0,0,0,0,0,
2005-01-20 06:35:00,-32.7800,151.7300,3.4,0,0,0,0,
2005-01-20 07:25:00,-29.6200,149.3800,2.0,0,0,0,0,
2005-01-20 07:30:00,-32.7800,151.7300,4.0,0,0,0,0,
2005-01-20 07:56:00,-32.8700,150.3000,3.0,0,0,0,0,
2005-01-20 08:00:00,-32.4000,152.0300,2.5,0,0,0,0,
2005-01-20 08:14:00,-33.7200,150.3000,5.0,0,0,0,0,
2005-01-20 09:50:00,-33.7100,150.3300,2.5,0,0,0,0,
2005-01-20 11:00:00,-33.8902,150.9096,2.0,0,0,0,0,
2005-01-20 12:59:00,-33.4200,151.0700,4.0,0,0,0,0,
2005-01-20 21:30:00,-35.3700,145.4800,2.5,0,0,0,0,
2005-01-22 04:46:00,-30.1600,151.8800,3.0,0,0,0,0,
2005-01-22 06:30:00,-34.7200,150.0000,4.0,0,0,0,0,
2005-02-02 03:00:00,-33.7200,149.7800,6.0,0,0,0,0,
2005-02-02 04:41:00,-34.1700,150.3500,3.0,0,0,0,0,
2005-02-02 05:00:00,-33.7200,150.9500,5.0,0,0,0,0,
2005-02-02 05:13:00,-33.8000,150.9000,5.0,0,0,0,0,
2005-02-02 05:41:00,-33.4300,151.3400,4.0,0,0,0,0,
2005-02-02 06:00:00,-33.7100,151.1200,3.0,0,0,0,0,
2005-02-19 03:50:00,-33.7400,150.6000,3.0,0,0,0,0,
2005-02-19 04:10:00,-33.6800,150.6200,3.0,0,0,0,0,
2005-02-19 05:10:00,-33.7700,150.9800,2.0,0,0,0,0,
2005-02-20 05:30:00,-32.9100,151.3300,4.0,0,0,0,0,
2005-03-03 07:00:00,-33.7346,150.8790,2.0,0,0,0,0,
2005-03-03 07:00:00,-33.7500,150.6800,2.0,0,0,0,0,
2005-03-03 07:00:00,-33.8152,151.0012,2.0,0,0,0,0,
2005-03-03 07:30:00,-32.8700,150.3000,4.0,0,0,0,0,
2005-03-16 03:20:00,-33.6300,150.2800,2.0,0,0,0,0,
2005-03-26 05:30:00,-29.0100,153.4300,3.0,0,0,0,0,
2005-04-29 06:00:00,-35.3577,150.4607,4.0,0,0,0,0,
2005-04-29 07:00:00,-34.6800,150.8500,4.0,0,0,0,0,
2005-09-10 06:00:00,-35.6650,147.0350,2.0,0,0,0,0,
2005-09-27 04:30:00,-28.6485,153.1179,4.4,0,0,0,0,
2005-10-13 07:15:00,-35.2500,147.3400,3.0,0,0,0,0,
2005-10-13 09:40:00,-35.2167,149.1330,3.0,0,0,0,0,
2005-10-13 10:20:00,-35.2000,149.0167,3.0,0,0,0,0,
2005-10-13 10:45:00,-35.3200,149.1200,3.0,0,0,0,0,
2005-10-14 04:00:00,-31.8800,152.3600,4.4,0,0,0,0,
2005-10-23 09:25:00,-31.5485,152.4012,2.5,0,0,0,0,
2005-10-23 09:25:00,-31.3300,152.8000,2.0,0,0,0,0,
2005-10-24 03:20:00,-32.4000,151.9700,4.0,0,0,0,0,
2005-10-24 03:20:00,-32.4100,152.2100,4.0,0,0,0,0,
2005-10-24 04:00:00,-32.2400,151.6800,2.5,0,0,0,0,
2005-10-24 04:56:00,-31.0600,152.8300,4.0,0,0,0,0,
2005-10-24 04:58:00,-31.9500,151.7900,1.5,0,0,0,0,
2005-10-24 09:00:00,-31.3300,152.8000,2.0,0,0,0,0,
2005-10-25 04:10:00,-29.6800,152.9300,3.0,0,0,0,0,
2005-10-27 03:00:00,-30.7400,151.5300,4.0,0,0,0,0,
2005-10-27 04:12:00,-30.5200,151.6700,2.5,0,0,0,0,
2005-10-27 05:00:00,-30.3200,153.1200,2.0,0,0,0,0,
2005-10-27 05:40:00,-29.6800,152.9300,2.0,0,0,0,0,
2005-10-27 07:00:00,-31.9500,151.7900,2.5,0,0,0,0,
2005-11-10 03:55:00,-34.5800,150.8700,3.0,0,0,0,0,
2005-11-21 07:00:00,-30.3800,150.6100,3.0,0,0,0,0,
2005-11-21 17:30:00,-29.3500,150.5800,2.0,0,0,0,0,
2005-11-22 07:15:00,-33.3300,148.9800,3.0,0,0,0,0,
2005-11-22 09:30:00,-33.7500,150.6800,2.0,0,0,0,0,
2005-11-23 06:00:00,-33.1900,149.0100,2.0,0,0,0,0,
2005-11-24 04:45:00,-33.4985,148.3012,2.0,0,0,0,0,
2005-11-25 02:00:00,-33.4410,148.8371,4.0,0,0,0,0,
2005-11-25 07:00:00,-30.8800,148.8000,4.0,0,0,0,0,
2005-11-26 05:35:00,-35.2300,149.1000,2.0,0,0,0,0,
2005-11-26 07:05:00,-33.3300,148.9800,3.0,0,0,0,0,
2005-11-26 07:50:00,-31.7200,148.6700,4.0,0,0,0,0,
2005-11-26 09:55:00,-33.5300,149.2500,3.0,0,0,0,0,
2005-11-27 00:30:00,-30.9300,151.7200,4.0,0,0,0,0,
2005-11-27 03:30:00,-29.6800,152.9300,3.0,0,0,0,0,
2005-12-01 03:30:00,-34.0490,150.6850,2.5,0,0,0,0,
2005-12-01 04:00:00,-32.7263,151.6318,4.0,0,0,0,0,
2005-12-01 04:35:00,-35.3652,148.1512,4.0,0,0,0,0,
2005-12-01 04:40:00,-33.4300,151.3400,6.0,0,0,0,0,
2005-12-01 04:45:00,-32.9100,151.7800,2.0,0,0,0,0,
2005-12-01 04:45:00,-33.4300,151.3400,4.5,0,0,0,0,
2005-12-01 05:30:00,-29.5000,151.3000,3.0,0,0,0,0,
2005-12-01 05:30:00,-32.8200,151.8400,3.0,0,0,0,0,
2005-12-01 05:35:00,-32.8200,151.8400,3.5,0,0,0,0,
2005-12-01 08:40:00,-29.0500,152.0200,3.0,0,0,0,0,
2005-12-06 16:30:00,-35.9900,146.3800,5.0,0,0,0,0,
2005-12-08 03:00:00,-31.9900,151.9700,3.5,0,0,0,0,
2005-12-08 03:40:00,-31.8800,152.3700,5.5,0,0,0,0,
2005-12-08 04:40:00,-28.9400,153.4600,2.5,0,0,0,0,
2005-12-17 05:00:00,-28.7600,153.2500,2.5,0,0,0,0,
2005-12-17 05:10:00,-28.8500,153.0500,4.0,0,0,0,0,
2005-12-17 07:50:00,-28.7300,153.4100,2.8,0,0,0,0,
2005-12-17 08:10:00,-33.7500,151.3000,2.0,0,0,0,0,
2005-12-28 03:50:00,-32.9900,151.5900,3.5,0,0,0,0,
2005-12-28 05:25:00,-30.9900,151.1600,2.5,0,0,0,0,
2006-01-06 05:00:00,-34.6800,149.5700,3.0,0,0,0,0,
2006-01-06 05:30:00,-35.5100,149.0700,4.0,0,0,0,0,
2006-01-06 08:10:00,-33.4300,149.5600,2.0,0,0,0,0,
2006-01-12 04:30:00,-31.1700,150.5400,4.0,0,0,0,0,
2006-01-24 00:00:00,-32.5900,149.5800,4.4,0,0,0,0,
2006-02-13 07:45:00,-29.5000,151.3000,3.0,0,0,0,0,
2006-02-15 08:30:00,-35.0300,149.2600,5.0,0,0,0,0,
2006-02-18 05:35:00,-33.7200,150.7500,3.0,0,0,0,0,
2006-02-20 07:00:00,-29.5000,151.3000,2.0,0,0,0,0,
2006-02-20 07:00:00,-32.2900,149.7400,5.6,0,0,0,0,
2006-08-15 06:50:00,-33.9920,151.0760,3.0,0,0,0,0,
2006-09-06 00:00:00,-33.8700,151.2200,5.0,0,0,0,0,
2006-09-27 04:15:00,-29.6200,149.3800,3.0,0,0,0,0,
2006-10-31 05:05:00,-32.9150,151.7510,4.0,0,0,0,0,
2006-10-31 05:07:00,-32.9650,151.7010,2.0,0,0,0,0,
2006-10-31 05:20:00,-32.9200,151.7900,4.4,0,0,0,0,
2006-10-31 05:20:00,-32.9250,151.7760,2.0,0,0,0,0,
2006-10-31 05:20:00,-32.9240,151.7850,3.0,0,0,0,0,
2006-10-31 05:21:00,-32.9200,151.7900,7.0,0,0,0,0,
2006-10-31 05:30:00,-32.8980,151.6680,4.0,0,0,0,0,
2006-11-01 04:00:00,-30.6700,152.7700,3.0,0,0,0,0,
2006-11-08 01:50:00,-28.7600,152.4500,3.0,0,0,0,0,
2006-11-08 02:50:00,-29.8320,152.8850,4.4,0,0,0,0,
2006-11-08 03:10:00,-29.6820,152.9680,5.0,0,0,0,0,
2006-11-08 03:20:00,-29.6300,153.0300,2.4,0,0,0,0,
2006-11-13 04:15:00,-31.0000,151.2330,2.0,0,0,0,0,
2006-11-15 04:00:00,-28.1790,153.5380,4.4,0,0,0,0,
2006-11-15 04:00:00,-28.2620,153.5770,2.4,0,0,0,0,
2006-11-27 06:15:00,-29.6490,151.2180,2.5,0,0,0,0,
2006-11-28 04:40:00,-32.9200,151.7900,2.0,0,0,0,0,
2006-11-28 07:00:00,-31.0150,150.9850,2.0,0,0,0,0,
2006-11-28 07:00:00,-31.2300,150.9000,4.4,0,0,0,0,
2006-11-29 08:30:00,-29.6800,152.9300,3.0,0,0,0,0,
2006-12-12 04:30:00,-30.4410,151.3530,4.0,0,0,0,0,
2006-12-12 04:30:00,-30.7400,151.5300,5.0,0,0,0,0,
2006-12-14 03:27:00,-29.9320,152.7180,5.0,0,0,0,0,
2006-12-20 04:45:00,-33.4170,149.5810,2.0,0,0,0,0,
2006-12-21 04:30:00,-30.5200,151.6700,5.0,0,0,0,0,
2006-12-29 05:00:00,-35.3600,149.2300,4.4,0,0,0,0,
2006-12-30 05:30:00,-35.2670,149.0670,4.4,0,0,0,0,
2007-02-01 07:10:00,-33.1900,149.0100,3.8,0,0,0,0,
2007-02-07 04:30:00,-33.5700,150.1200,6.0,0,0,0,0,
2007-02-07 05:10:00,-33.1900,149.0100,5.0,0,0,0,0,
2007-02-07 05:15:00,-31.7100,148.6700,1.5,0,0,0,0,
2007-02-07 06:30:00,-31.7200,148.6700,2.4,0,0,0,0,
2007-02-08 05:15:00,-33.4200,149.5800,2.1,0,0,0,0,
2007-02-10 02:30:00,-33.4200,149.5800,2.0,0,0,0,0,
2007-02-10 04:21:00,-32.8000,149.9700,5.0,0,0,0,0,
2007-02-10 04:30:00,-29.2300,152.0000,4.5,0,0,0,0,
2007-02-12 05:12:00,-33.7350,150.4790,2.4,0,0,0,0,
2007-02-23 04:00:00,-33.6300,150.2800,2.2,0,0,0,0,
2007-02-25 04:30:00,-30.3400,152.7100,3.0,0,0,0,0,
2007-02-27 11:00:00,-35.3200,149.1200,2.0,0,0,0,0,
2007-02-28 06:30:00,-31.3480,149.8350,7.0,0,0,0,0,
2007-02-28 06:30:00,-32.7260,151.6320,6.5,0,0,0,0,
2007-03-01 06:30:00,-34.0600,150.8600,2.0,0,0,0,0,
2007-03-02 04:15:00,-29.6800,152.9300,4.4,0,0,0,0,
2007-03-02 04:20:00,-29.6800,152.9300,3.0,0,0,0,0,
2007-03-02 04:31:00,-29.6800,152.9300,2.4,0,0,0,0,
2007-03-08 05:10:00,-34.1820,150.6010,2.0,0,0,0,0,
2007-03-20 06:55:00,-32.8320,151.6850,2.0,0,0,0,0,
2007-05-16 04:10:00,-33.4000,142.5700,4.4,0,0,0,0,
2007-07-08 23:00:00,-33.9300,151.2300,3.0,0,0,0,0,
2007-07-26 22:20:00,-34.6485,148.0346,2.5,0,0,0,0,
2007-08-16 10:00:00,-34.7400,146.5500,2.0,0,0,0,0,
2007-08-16 10:10:00,-34.5100,146.4100,3.0,0,0,0,0,
2007-10-08 03:40:00,-29.7200,151.7500,4.4,0,0,0,0,
2007-10-08 04:40:00,-29.7500,153.1200,4.4,0,0,0,0,
2007-10-08 05:40:00,-28.8000,153.2800,4.4,0,0,0,0,
2007-10-08 05:50:00,-28.9300,153.0700,5.0,0,0,0,0,
2007-10-08 05:50:00,-28.8000,153.2800,2.5,0,0,0,0,
2007-10-08 05:50:00,-28.8300,153.0500,2.0,0,0,0,0,
2007-10-08 05:50:00,-29.1000,153.4300,2.0,0,0,0,0,
2007-10-08 05:55:00,-28.8600,153.2000,6.0,0,0,0,0,
2007-10-08 06:10:00,-28.7800,153.3800,2.5,0,0,0,0,
2007-10-08 06:30:00,-28.8000,153.3200,3.0,0,0,0,0,
2007-10-08 06:35:00,-28.9800,153.2800,2.5,0,0,0,0,
2007-10-09 03:00:00,-29.6700,152.9300,3.0,0,0,0,0,
2007-10-09 03:01:00,-29.6700,152.9300,4.4,0,0,0,0,
2007-10-09 03:10:00,-29.6700,152.9300,2.0,0,0,0,0,
2007-10-09 03:35:00,-28.8000,153.2800,6.0,0,0,0,0,
2007-10-09 03:40:00,-28.8000,153.2800,6.0,0,0,0,0,
2007-10-09 03:40:00,-28.8000,153.2500,3.0,0,0,0,0,
2007-10-09 03:40:00,-28.8000,153.3200,4.0,0,0,0,0,
2007-10-09 03:41:00,-28.8000,153.3200,4.4,0,0,0,0,
2007-10-09 03:45:00,-28.8000,153.2800,3.0,0,0,0,0,
2007-10-09 03:50:00,-28.7800,153.7200,3.0,0,0,0,0,
2007-10-09 04:00:00,-28.6800,153.3600,4.4,0,0,0,0,
2007-10-09 04:00:00,-28.7200,153.4000,6.5,0,0,0,0,
2007-10-09 04:09:00,-28.7700,153.3500,4.4,0,0,0,0,
2007-10-09 05:00:00,-28.6800,153.3700,4.4,0,0,0,0,
2007-10-12 00:00:00,-34.0300,150.6800,4.4,0,0,0,0,
2007-10-12 00:20:00,-34.0700,151.0200,2.0,0,0,0,0,
2007-10-12 03:45:00,-33.4700,151.3500,2.0,0,0,0,0,
2007-10-25 08:00:00,-30.6300,151.4800,2.5,0,0,0,0,
2007-10-26 04:25:00,-28.9200,153.1700,4.0,0,0,0,0,
2007-10-28 07:30:00,-34.8200,147.3300,3.5,0,0,0,0,
2007-10-28 09:30:00,-33.9000,147.2300,3.5,0,0,0,0,
2007-10-29 04:35:00,-28.8200,153.2800,2.0,0,0,0,0,
2007-11-18 06:00:00,-34.7000,150.0000,2.0,0,0,0,0,
2007-12-03 03:30:00,-32.5800,151.7800,3.8,0,0,0,0,
2007-12-03 04:30:00,-32.9200,151.7800,2.4,0,0,0,0,
2007-12-03 05:00:00,-32.0300,152.2700,2.0,0,0,0,0,
2007-12-04 03:10:00,-33.7200,151.1500,2.4,0,0,0,0,
2007-12-04 04:50:00,-33.2000,151.5700,2.5,0,0,0,0,
2007-12-05 08:00:00,-32.7000,148.0500,2.5,0,0,0,0,
2007-12-09 04:00:00,-33.6900,151.0900,4.4,0,0,0,0,
2007-12-09 04:30:00,-33.7700,150.8700,4.4,0,0,0,0,
2007-12-09 04:30:00,-33.7900,150.9400,6.0,0,0,0,0,
2007-12-09 04:30:00,-33.7900,150.9000,3.0,0,0,0,0,
2007-12-09 04:30:00,-33.7500,151.1100,2.0,0,0,0,0,
2007-12-09 04:30:00,-33.7900,150.9600,4.0,0,0,0,0,
2007-12-09 04:30:00,-33.7100,151.0000,8.0,0,0,0,0,
2007-12-09 04:35:00,-33.8100,150.9500,4.0,0,0,0,0,
2007-12-09 04:35:00,-33.7700,150.9100,8.0,0,0,0,0,
2007-12-09 04:40:00,-33.7900,151.0300,5.0,0,0,0,0,
2007-12-09 04:45:00,-33.8300,150.9500,2.0,0,0,0,0,
2007-12-09 04:45:00,-33.8000,150.9500,3.0,0,0,0,0,
2007-12-09 04:45:00,-33.8200,150.9500,2.0,0,0,0,0,
2007-12-09 04:45:00,-33.7300,150.9200,5.6,0,0,0,0,
2007-12-09 04:50:00,-33.7500,151.0400,4.4,0,0,0,0,
2007-12-09 04:50:00,-33.7100,151.0100,7.0,0,0,0,0,
2007-12-09 04:50:00,-33.7700,150.9500,2.0,0,0,0,0,
2007-12-09 05:00:00,-33.7400,151.2000,3.0,0,0,0,0,
2007-12-09 05:00:00,-33.7000,151.0000,7.0,0,0,0,0,
2007-12-09 05:00:00,-33.7300,151.0500,11.0,0,0,0,0,
2007-12-09 05:05:00,-33.7200,151.1200,4.4,0,0,0,0,
2007-12-09 05:05:00,-33.7200,151.0900,5.0,0,0,0,0,
2007-12-09 05:07:00,-33.7200,151.1200,6.0,0,0,0,0,
2007-12-09 05:10:00,-33.7400,151.0700,5.0,0,0,0,0,
2007-12-09 05:10:00,-33.7600,151.0400,4.4,0,0,0,0,
2007-12-09 05:20:00,-33.7200,151.1200,4.4,0,0,0,0,
2007-12-09 05:20:00,-33.7800,150.9400,4.5,0,0,0,0,
2007-12-09 05:25:00,-33.7200,151.1200,4.4,0,0,0,0,
2007-12-09 05:27:00,-33.7200,151.1500,6.0,0,0,0,0,
2007-12-09 05:30:00,-33.7200,151.0900,3.5,0,0,0,0,
2007-12-09 05:30:00,-33.7200,151.0000,7.0,0,0,0,0,
2007-12-09 05:30:00,-33.7300,151.1300,3.0,0,0,0,0,
2007-12-09 05:30:00,-33.7200,150.9900,6.5,0,0,0,0,
2007-12-09 05:30:00,-33.7500,151.0700,2.0,0,0,0,0,
2007-12-09 05:31:00,-33.7200,151.0000,7.0,0,0,0,0,
2007-12-20 06:40:00,-35.5100,144.9300,3.0,0,0,0,0,
2008-01-02 07:00:00,-35.5000,148.1300,2.0,0,0,0,0,
2008-01-12 08:50:00,-34.6300,149.9700,0.0,0,0,0,0,
2008-01-13 05:30:00,-33.2700,149.1000,2.0,0,0,0,0,
2008-01-16 05:00:00,-33.7700,150.7900,2.4,0,0,0,0,
2008-01-29 03:50:00,-33.7100,150.3100,3.0,0,0,0,0,
2008-01-29 03:51:00,-33.7100,150.3100,3.0,0,0,0,0,
2008-01-31 07:28:00,-33.9000,150.9300,2.0,0,0,0,0,
2008-01-31 08:10:00,-33.7300,150.8700,2.0,0,0,0,0,
2008-02-26 04:00:00,-33.4800,150.5200,3.0,0,0,0,0,
2008-02-26 04:55:00,-34.4800,150.8200,3.0,0,0,0,0,
2008-03-28 07:00:00,-33.5700,150.6700,2.4,0,0,0,0,
2008-04-13 02:45:00,-35.3200,149.1500,2.0,0,0,0,0,
2008-04-13 04:50:00,-32.7800,151.2800,4.0,0,0,0,0,
2008-04-13 05:20:00,-32.6800,151.4500,2.0,0,0,0,0,
2008-04-13 05:40:00,-32.6300,151.4800,5.0,0,0,0,0,
2008-04-13 06:15:00,-32.5800,151.7700,2.0,0,0,0,0,
2008-04-13 07:20:00,-34.2200,150.9800,4.4,0,0,0,0,
2008-04-13 07:50:00,-34.2200,150.9800,0.0,0,0,0,0,
2008-04-13 08:00:00,-34.9300,150.7500,2.0,0,0,0,0,
2008-04-13 08:00:00,-33.8800,150.9000,3.0,0,0,0,0,
2008-05-15 05:50:00,-32.6500,151.7200,4.0,0,0,0,0,
2008-05-28 06:30:00,-34.0600,150.8600,2.0,0,0,0,0,
2008-05-28 07:30:00,-33.8320,151.1180,3.0,0,0,0,0,
2008-05-28 07:30:00,-33.8740,151.0930,2.0,0,0,0,0,
2008-08-27 05:50:00,-28.7990,153.3850,2.4,0,0,0,0,
2008-08-27 04:10:00,-30.9800,151.5900,4.0,0,0,0,0,
2008-09-12 07:40:00,-29.6800,152.9400,4.0,0,0,0,0,
2008-09-12 07:50:00,-29.6800,152.9700,4.4,0,0,0,0,
2008-09-20 07:00:00,-28.6250,153.0120,4.0,0,0,0,0,
2008-09-20 08:00:00,-31.2320,151.0180,2.0,0,0,0,0,
2008-09-22 05:00:00,-31.9760,141.4680,2.0,0,0,0,0,
2008-10-20 05:00:00,-33.6150,150.2680,4.0,0,0,0,0,
2003-02-19 10:30:00,-36.2000,147.8900,2.0,0,0,0,0,
2003-02-27 03:00:00,-36.3800,145.4000,2.0,0,0,0,0,
2003-03-19 04:30:00,-37.8300,142.0600,6.0,0,0,0,0,
2003-03-29 08:00:00,-37.1000,147.6000,0.0,0,0,0,0,
2003-04-11 05:30:00,-38.3000,142.7000,4.4,0,0,0,0,
2003-05-19 06:10:00,-36.3670,146.7170,4.4,0,0,0,0,
2003-09-14 05:30:00,-37.8200,144.9700,2.0,0,0,0,0,
2003-10-15 06:30:00,-36.4000,145.9000,7.0,0,0,0,0,
2003-10-25 02:40:00,-37.5200,143.7800,2.5,0,0,0,0,
2003-10-31 05:30:00,-37.3800,145.4700,2.0,0,0,0,0,
2003-11-20 02:40:00,-36.1600,146.0100,2.0,0,0,0,0,
2003-12-01 07:10:00,-36.0600,146.4800,4.0,0,0,0,0,
2003-12-01 10:00:00,-36.3500,146.3400,0.0,0,0,0,0,
2003-12-02 01:30:00,-37.8200,144.9700,4.4,0,0,0,0,
2003-12-02 02:30:00,-37.2600,147.7000,4.4,0,0,0,0,
2003-12-02 06:30:00,-37.4000,144.2800,2.0,0,0,0,0,
2003-12-02 07:30:00,-37.4600,145.2300,6.0,0,0,0,0,
2003-12-02 13:00:00,-37.8200,144.9700,2.0,0,0,0,0,
2003-12-03 05:00:00,-37.6600,145.3800,3.5,0,0,0,0,
2003-12-03 07:00:00,-36.7000,145.8800,4.0,0,0,0,0,
2003-12-04 04:00:00,-37.6900,148.4600,2.0,0,0,0,0,
2003-12-04 04:30:00,-37.3000,146.1400,3.0,0,0,0,0,
2003-12-04 06:00:00,-37.9300,146.6500,4.4,0,0,0,0,
2004-06-09 07:00:00,-36.0000,146.9000,2.0,0,0,0,0,
2004-08-21 06:30:00,-38.6100,145.6000,2.5,0,0,0,0,
2004-11-01 06:00:00,-38.0800,146.3000,4.0,0,0,0,0,
2004-12-06 07:50:00,-37.6000,144.2300,2.9,0,0,0,0,
2004-12-06 08:00:00,-37.5700,144.7300,3.0,0,0,0,0,
2004-12-09 02:30:00,-36.3200,146.6800,3.0,0,0,0,0,
2004-12-09 02:30:00,-37.3500,144.7430,4.0,0,0,0,0,
2004-12-09 03:30:00,-37.6560,145.5200,2.5,0,0,0,0,
2004-12-10 04:30:00,-37.8300,142.0600,4.0,0,0,0,0,
2004-12-10 04:40:00,-36.6500,142.1000,2.5,0,0,0,0,
2004-12-10 06:30:00,-37.5200,143.7800,4.4,0,0,0,0,
2004-12-10 07:00:00,-36.7600,144.2700,4.0,0,0,0,0,
2004-12-10 08:30:00,-35.2700,141.1800,4.4,0,0,0,0,
2004-12-12 03:15:00,-37.6800,144.5800,2.9,0,0,0,0,
2004-12-13 02:30:00,-36.6100,147.7900,2.5,0,0,0,0,
2005-01-20 14:30:00,-35.9200,145.6500,2.5,0,0,0,0,
2005-01-26 14:30:00,-38.0900,144.3400,2.5,0,0,0,0,
2005-01-26 15:30:00,-38.1800,146.2900,2.5,0,0,0,0,
2005-01-27 16:15:00,-37.6900,143.3600,2.0,0,0,0,0,
2005-03-01 07:55:00,-38.1100,147.1300,2.0,0,0,0,0,
2005-03-01 12:20:00,-36.9600,147.7000,4.4,0,0,0,0,
2005-09-09 12:00:00,-36.6600,142.8800,2.0,0,0,0,0,
2005-09-09 16:15:00,-38.4500,145.2400,2.9,0,0,0,0,
2005-09-10 05:15:00,38.3100,146.4100,3.5,0,0,0,0,
2005-09-28 20:00:00,-37.8177,144.9756,2.0,0,0,0,0,
2005-10-13 07:40:00,36.6100,147.7900,2.0,0,0,0,0,
2005-10-23 07:00:00,38.6400,143.5100,5.0,0,0,0,0,
2005-10-23 07:00:00,37.5200,143.7800,3.0,0,0,0,0,
2005-10-23 13:30:00,-37.7900,145.0820,2.0,0,0,0,0,
2005-10-24 02:30:00,-36.9108,146.6993,3.8,0,0,0,0,
2005-10-24 04:45:00,-38.8000,146.0400,3.0,0,0,0,0,
2005-11-25 06:25:00,-36.9108,146.6993,0.0,0,0,0,0,
2005-12-02 02:15:00,-36.1250,146.8846,0.0,0,0,0,0,
2005-12-05 19:00:00,-34.7632,142.2754,4.4,0,0,0,0,
2005-12-06 09:30:00,-37.3884,144.3242,2.4,0,0,0,0,
2005-12-06 14:30:00,-36.3933,146.4482,3.0,0,0,0,0,
2005-12-06 14:45:00,-36.5575,146.7252,2.0,0,0,0,0,
2005-12-06 18:15:00,-36.1250,146.8846,2.0,0,0,0,0,
2006-01-19 12:15:00,-37.4076,142.4126,3.0,0,0,0,0,
2006-01-20 05:25:00,-37.6853,143.3625,4.4,0,0,0,0,
2006-01-20 06:25:00,-37.2958,143.7857,2.0,0,0,0,0,
2006-01-20 06:50:00,-37.7847,144.9424,2.0,0,0,0,0,
2006-01-20 07:50:00,-37.5813,144.7136,2.0,0,0,0,0,
2006-01-20 08:30:00,-38.1353,144.7056,2.5,0,0,0,0,
2006-01-21 08:45:00,-37.3568,144.5285,4.0,0,0,0,0,
2006-01-21 10:30:00,-37.2406,144.3678,3.0,0,0,0,0,
2006-04-21 04:30:00,-37.6563,145.5184,2.0,0,0,0,0,
2007-01-16 04:30:00,-37.8789,145.4169,3.0,0,0,0,0,
2007-01-16 07:20:00,-38.6294,145.7272,2.0,0,0,0,0,
2007-02-19 06:20:00,-36.9108,146.6993,2.0,0,0,0,0,
2007-02-21 06:10:00,-37.6589,145.3744,4.2,0,0,0,0,
2007-02-23 09:00:00,-37.9640,146.9842,4.0,0,0,0,0,
2007-02-26 07:00:00,-37.4076,142.4126,2.0,0,0,0,0,
2007-05-03 03:15:00,-36.9108,146.6993,0.0,0,0,0,0,
2007-05-17 10:30:00,-38.2219,141.6229,4.0,0,0,0,0,
2007-10-28 07:10:00,-36.5575,146.7252,2.5,0,0,0,0,
2007-10-28 07:40:00,-36.7254,146.9632,2.5,0,0,0,0,
2007-10-28 08:10:00,-36.3608,146.6892,2.0,0,0,0,0,
2007-10-28 09:55:00,-36.3608,146.6892,3.0,0,0,0,0,
2007-12-03 04:30:00,-37.7187,145.1473,3.0,0,0,0,0,
2007-12-20 05:00:00,-37.9670,145.0682,4.0,0,0,0,0,
2007-12-20 05:20:00,-36.7961,144.2363,4.5,0,0,0,0,
2007-12-20 05:50:00,-37.5718,143.8876,4.5,0,0,0,0,
2007-12-20 07:45:00,-37.2770,144.7319,2.5,0,0,0,0,
2008-03-24 06:30:00,-37.4257,143.8922,2.0,0,0,0,0,
2008-03-24 06:30:00,-34.1927,142.1572,2.0,0,0,0,0,
2008-03-24 06:50:00,-37.1518,142.8538,3.0,0,0,0,0,
2008-09-19 07:30:00,-37.9593,145.2084,4.0,0,0,0,0,
2003-04-09 05:00:00,-33.3400,136.7500,2.9,0,0,0,0,
2003-06-27 06:30:00,-33.7600,140.1300,4.0,0,0,0,0,
2003-06-27 08:30:00,-32.4700,138.0100,2.0,0,0,0,0,
2003-08-21 03:30:00,-35.3800,140.1600,3.0,0,0,0,0,
2003-11-18 09:00:00,-32.8100,138.9200,4.4,0,0,0,0,
2003-11-19 06:00:00,-34.4700,137.8800,3.0,0,0,0,0,
2003-11-19 07:30:00,-34.8500,138.6500,3.0,0,0,0,0,
2003-11-19 07:50:00,-37.4600,140.0800,5.0,0,0,0,0,
2003-11-19 07:55:00,-34.8500,138.6500,3.0,0,0,0,0,
2003-11-19 08:20:00,-37.5400,140.4600,4.0,0,0,0,0,
2003-11-19 08:30:00,-37.5600,140.7000,4.0,0,0,0,0,
2004-12-10 02:30:00,-36.8200,140.3800,5.0,0,0,0,0,
2004-12-10 05:15:00,-35.1200,139.2800,4.4,0,0,0,0,
2005-01-03 04:30:00,-34.8500,138.6500,4.4,0,0,0,0,
2005-01-27 09:00:00,-37.8300,140.7800,3.0,0,0,0,0,
2005-08-30 08:25:00,-36.9600,140.7400,4.4,0,0,0,0,
2005-10-17 08:00:00,-31.4500,130.8900,4.0,0,0,0,0,
2005-11-06 00:00:00,-33.8200,137.8200,2.9,0,0,0,0,
2006-11-01 10:45:00,-30.7100,134.5700,2.0,0,0,0,0,
2006-12-29 10:20:00,-34.8500,138.8900,2.5,0,0,0,0,
2007-02-15 10:00:00,-36.1300,140.7000,2.0,0,0,0,0,
2007-05-14 09:00:00,-33.7000,136.4900,3.0,0,0,0,0,
2007-05-14 09:00:00,-33.4100,136.6000,2.0,0,0,0,0,
2003-02-09 09:00:00,-33.7000,116.6000,3.0,0,0,0,0,
2003-02-16 22:30:00,-28.7000,121.1000,4.5,0,0,0,1,
2003-02-17 09:45:00,-34.6000,117.8000,5.0,0,0,0,0,
2003-09-29 01:30:00,-34.3440,118.6300,1.0,0,0,0,0,
2003-10-25 21:00:00,-33.5000,122.0000,2.0,0,0,0,0,
2003-11-15 07:10:00,-27.7060,114.1720,4.0,10000000,0,0,0,
2003-11-15 07:20:00,-28.3490,114.6340,2.0,10000000,0,0,0,
2003-11-16 07:15:00,-31.3450,115.9000,1.0,0,0,0,0,
2003-11-16 08:00:00,-27.1290,118.7810,0.0,0,0,0,0,
2003-11-17 00:00:00,-26.0640,128.9350,4.4,0,0,0,0,
2003-12-05 10:45:00,-30.4770,118.1210,3.0,0,0,0,0,
2003-12-17 06:50:00,-31.5520,116.4680,3.0,0,0,0,0,
2003-12-18 07:00:00,-33.2700,118.3600,0.0,0,0,0,0,
2004-01-04 07:30:00,-28.6090,116.5740,1.0,0,0,0,0,
2004-01-28 07:15:00,-33.6760,116.5970,2.0,0,0,0,0,
2004-01-29 10:00:00,-33.9710,118.2690,4.4,0,0,0,0,
2004-04-11 12:30:00,-25.0428,115.3072,1.0,0,0,0,0,
2004-10-20 18:30:00,-31.5150,116.7300,2.0,0,0,0,0,
2004-10-24 08:11:00,-15.7814,128.7100,2.0,0,0,0,0,
2004-11-02 12:25:00,-33.2040,116.2750,0.5,0,0,0,0,
2004-12-27 09:45:00,-28.0640,115.1900,2.5,0,0,0,0,
2004-12-27 09:45:00,-30.3940,115.8420,2.0,0,0,0,0,
2004-12-27 10:00:00,-31.9340,115.7600,2.0,0,0,0,0,
2005-03-31 06:00:00,-32.4580,121.5770,4.4,0,0,0,0,
2005-05-21 21:00:00,-32.1200,115.8500,4.4,0,0,0,0,
2005-10-13 05:45:00,-22.8180,127.7620,2.0,0,0,0,0,
2005-10-16 07:00:00,-33.0890,118.4050,2.9,0,10000000,0,0,
2006-01-17 07:00:00,-30.9500,121.1600,2.0,0,0,0,0,
2007-11-25 06:30:00,-17.0900,122.8600,0.5,0,0,0,0,
2008-01-08 07:10:00,-34.6400,117.6800,2.9,0,0,0,0,
2008-01-16 09:30:00,-22.7000,117.7700,2.0,0,0,0,0,
2008-02-02 12:30:00,-32.4400,118.9000,4.4,0,0,0,0,
2008-03-18 18:30:00,-28.0300,115.1600,2.0,0,0,0,0,
2008-04-16 05:30:00,-34.0300,115.1000,4.4,0,0,0,0,
2008-04-28 08:00:00,-30.9200,118.2200,3.8,0,0,0,0,
2003-11-04 08:00:00,-12.5500,131.3000,2.0,0,0,0,0,
2003-11-04 08:30:00,-12.8000,130.9500,2.4,0,0,0,0,
2004-09-29 08:30:00,-25.8400,133.3000,4.4,0,0,0,0,
2004-12-02 05:00:00,-13.7400,130.6800,2.4,0,0,0,0,
2005-10-17 06:00:00,-25.2500,131.0000,1.0,0,0,0,40,
2005-10-20 01:00:00,-21.0000,134.4000,2.4,0,0,0,0,
2006-01-09 08:00:00,-15.6600,130.4800,0.5,0,0,0,0,
2007-10-31 09:30:00,-24.2900,131.5500,4.4,0,0,0,0,
2008-11-27 17:30:00,-32.4242,138.5305,2.9,,,,,
2008-10-21 04:10:00,-30.1151,153.2011,4.3,,,,,
2008-10-21 04:57:00,-30.0817,153.2011,7.0,,,,,
2008-10-21 04:30:00,-30.8817,153.0345,3.0,,,,,
2008-10-21 03:10:00,0.0000,0.0000,2.1,,,,,
2008-10-22 02:50:00,-28.7984,153.3928,3.0,,,,,
2008-10-22 02:45:00,-28.8817,153.2011,4.0,,,,,
2008-10-22 03:55:00,-28.8540,152.5164,2.0,,,,,
2008-10-22 04:45:00,-28.3317,153.4095,3.0,,,,,
2008-11-19 04:00:00,-31.5652,143.3680,4.3,,,,,
2008-11-26 07:40:00,-31.2651,149.2679,0.0,,,,,
2008-11-27 13:00:00,-30.0984,148.9679,1.9,,,,,
2008-11-27 06:10:00,-33.6317,150.2846,3.0,,,,,
2008-11-27 06:44:00,-33.4167,149.5807,2.0,,,,,
2008-11-27 06:30:00,0.0000,0.0000,2.0,,,,,
2008-11-27 09:45:00,-33.6317,150.2846,2.5,,,,,
2008-11-28 06:00:00,-32.0067,149.9846,3.0,,,,,
2008-11-28 07:15:00,-31.7484,151.0845,5.0,,,,,
2008-11-28 07:55:00,-31.6484,150.7345,3.0,,,,,
2008-11-29 07:50:00,-33.8067,150.9679,3.0,,,,,
2008-11-29 08:00:00,-33.8151,151.0012,3.0,,,,,
2008-11-29 08:15:00,-33.7484,151.1512,3.0,,,,,
2008-12-02 08:00:00,-29.6817,152.9345,2.4,,,,,
2008-12-07 04:20:00,-33.2567,151.5178,2.9,,,,,
2008-12-08 04:42:00,-32.7651,151.7345,4.3,,,,,
2008-12-10 06:55:00,-29.8317,152.8845,4.0,,,,,
2008-12-10 07:00:00,-29.7984,152.9511,5.0,,,,,
2008-12-10 07:15:00,-29.6817,152.9678,7.2,,,,,
2008-12-10 07:15:00,-29.6817,152.9678,6.7,,,,,
2008-12-10 05:30:00,-31.3651,152.2217,2.5,,,,,
2008-12-18 05:37:00,-34.5484,150.3679,4.0,,,,,
2008-12-18 06:00:00,-34.5485,146.4012,4.3,,,,,
2008-12-23 04:50:00,-30.7484,150.7178,4.3,,,,,
2008-12-23 07:30:00,-32.0067,149.9846,3.0,,,,,
2008-12-24 03:40:00,-33.4167,149.5807,5.0,,,,,
2008-12-24 03:40:00,-33.4167,149.5807,6.7,,,,,
2008-12-24 03:40:00,-28.6151,153.0011,3.0,,,,,
2008-12-26 05:20:00,-31.2651,149.2679,4.0,,,,,
2008-12-29 03:00:00,-33.1151,151.5011,3.0,,,,,
2008-12-29 03:55:00,-31.5984,152.4678,6.0,,,,,
2008-12-29 06:00:00,-30.1151,149.8011,11.0,,,,,
2008-12-29 05:20:00,-28.5984,150.3511,3.0,,,,,
2008-12-30 04:30:00,-28.7984,153.3845,5.0,,,,,
2008-12-30 04:40:00,-28.8151,153.2845,4.3,,,,,
2008-12-30 04:40:00,-28.8151,153.3178,4.0,,,,,
2009-01-20 03:53:00,0.0000,0.0000,2.0,,,,,
2009-02-09 08:00:00,-33.6317,150.2846,2.2,,,,,
2009-02-21 05:54:00,-32.5651,151.1678,4.3,,,,,
2009-02-21 06:00:00,-32.5651,151.1678,6.0,,,,,
2009-02-23 08:40:00,-33.7151,150.3179,2.4,,,,,
2009-03-14 05:30:00,-34.4985,144.8347,2.0,,,,,
2009-03-16 04:50:00,-28.8317,153.5345,2.0,,,,,
2009-03-16 04:50:00,-28.8317,153.4345,4.3,,,,,
2009-03-16 04:10:00,-29.0317,153.2845,4.3,,,,,
2008-11-14 21:00:00,-26.1325,126.5708,2.1,,,,,
2008-11-26 00:00:00,-32.9803,121.6447,4.3,,,,,
2008-12-10 03:30:00,-32.4492,118.9108,1.5,,,,,
2008-12-21 00:00:00,-34.4461,116.0356,0.6,,,,,
2008-08-10 07:05:00,-38.3093,145.1906,2.0,,,,,
2008-11-27 06:20:00,-37.8179,145.2276,2.0,,,,,
2008-11-27 06:25:00,-37.8298,145.2433,2.0,,,,,
2008-11-27 06:25:00,-37.8808,145.2818,2.0,,,,,
2008-12-18 03:20:00,-36.5500,146.7200,2.0,,,,,
2008-11-27 06:20:00,-37.8808,145.2818,2.5,,,,,
2008-11-27 05:10:00,-37.8631,144.7605,2.0,,,,,
2008-11-27 05:10:00,-37.7353,144.9198,2.0,,,,,
2008-11-27 05:10:00,-37.5124,145.1172,2.0,,,,,
2008-11-27 07:00:00,-37.0270,145.1394,2.0,,,,,
2008-11-27 05:15:00,-38.3119,146.4144,2.5,,,,,
2009-10-03 04:55:00,-27.8723,153.3147,2.2,,,,,
2009-08-12 09:00:00,-27.4852,152.9931,2.0,,,,,
2009-10-07 04:55:00,-27.8723,153.3147,2.2,,,,,
2009-10-07 05:00:00,-27.9167,153.3000,2.5,,,,,
2009-10-13 05:10:00,-27.4017,152.9356,2.5,,,,,
2009-10-13 07:00:00,-27.4653,153.0887,2.5,,,,,
2009-10-13 05:09:00,-27.5592,151.9536,2.5,,,,,
2009-10-13 05:42:00,-27.5592,151.9536,2.5,,,,,
2009-10-13 06:36:00,-27.5592,151.9536,2.5,,,,,
2009-11-05 05:40:00,-28.1379,152.1633,7.0,,,,,
2009-11-05 05:20:00,-28.1379,152.1633,5.0,,,,,
2009-11-05 06:00:00,-28.0117,151.9861,4.3,,,,,
2009-11-05 03:40:00,-28.6620,151.9353,2.5,,,,,
2009-11-05 08:20:00,-27.6292,152.3689,2.5,,,,,
2009-04-11 05:00:00,-19.6257,138.5290,4.3,,,,,
2009-03-16 15:00:00,-28.6620,151.9353,0.0,,,,,
2009-11-12 00:00:00,-30.9142,118.2067,4.0,,,,,
2009-09-04 08:00:00,-31.2651,149.2679,2.9,,,,,
2009-09-05 03:35:00,-29.6817,152.9345,0.0,,,,,
2010-11-13 15:00:00,-28.4800,151.5000,2.4,,,,,
2009-11-17 06:15:00,-28.0800,153.2100,3.2,,,,,
2009-11-29 04:40:00,-27.1900,153.0200,2.5,,,,,
2009-11-29 04:40:00,-27.1300,153.0600,2.1,,,,,
2009-11-30 06:30:00,-26.1900,152.4600,2.9,,,,,
2009-12-20 05:00:00,-23.0200,150.2900,3.5,,,,,
2009-12-22 06:00:00,-27.3900,152.5000,4.3,,,,,
2009-12-22 07:00:00,-26.0500,152.1400,4.3,,,,,
2010-01-29 04:00:00,-27.3300,152.1600,1.7,,,,,
2010-01-29 05:00:00,-27.2400,152.5600,2.1,,,,,
2009-09-07 08:00:00,-33.8484,151.0846,0.8,,,,,
2009-09-20 07:10:00,-33.7017,151.0973,2.0,,,,,
2009-09-22 05:35:00,-34.7484,149.7346,3.0,,,,,
2009-09-22 11:35:00,-35.1318,147.4179,2.0,,,,,
2009-09-22 06:00:00,-34.4567,149.4679,7.2,,,,,
2009-09-22 04:30:00,-34.3151,148.3012,1.7,,,,,
2009-09-22 07:00:00,-34.9734,149.0346,4.3,,,,,
2009-10-05 05:20:00,-29.6817,152.9678,4.3,,,,,
2009-10-05 05:15:00,-29.6817,152.9345,2.9,,,,,
2009-10-05 05:45:00,-33.7762,150.9429,0.8,,,,,
2009-10-06 06:00:00,-33.9151,150.9012,1.9,,,,,
2009-10-06 06:00:00,-33.8817,150.9762,2.0,,,,,
2009-10-06 05:30:00,-33.8901,150.9096,3.0,,,,,
2009-10-06 06:50:00,-33.7234,151.0929,3.0,,,,,
2009-10-05 04:00:00,-34.5067,150.7929,0.8,,,,,
2009-10-06 12:45:00,-34.0734,150.8262,4.3,,,,,
2009-10-05 05:50:00,-29.6817,152.9678,0.0,,,,,
2004-06-29 01:00:00,-41.0440,148.2780,3.2,,,,,
2009-10-06 06:30:00,-33.7290,151.0762,1.0,,,,,
2009-10-06 07:00:00,-33.4881,151.3275,0.0,,,,,
2009-10-06 07:00:00,-33.7151,151.0679,1.5,,,,,
2009-10-11 03:40:00,-34.7484,149.7346,2.0,,,,,
2005-01-26 06:40:00,-43.0750,147.1900,2.9,0,0,0,0,
2005-01-27 03:30:00,-42.1360,146.4930,2.4,,,,,
2009-10-31 06:30:00,-36.2317,149.1179,4.0,,,,,
2009-11-02 04:00:00,-33.7151,150.3179,2.0,,,,,
2009-11-02 04:00:00,-33.7151,150.3179,3.0,,,,,
2009-11-17 04:35:00,-28.3317,153.3845,2.1,,,,,
2009-11-17 08:00:00,-28.5484,153.5011,3.0,,,,,
2005-10-25 06:40:00,-42.4560,147.4600,2.0,,,,,
2005-11-02 08:15:00,-39.7030,143.9410,3.5,,,,,
2003-11-27 22:30:00,-41.1630,147.5100,2.0,,,,,
2005-11-02 20:40:00,-41.0500,144.6650,3.5,,,,,
2006-02-17 05:45:00,-43.3150,147.0170,2.0,,,,,
2006-02-17 05:50:00,-43.4920,147.1420,5.0,,,,,
2006-02-17 06:00:00,-43.4230,147.2240,6.0,,,,,
2007-01-16 08:40:00,-40.0090,144.1170,2.0,,,,,
2010-04-05 11:20:00,-25.5834,134.5667,6.0,,,,,
2009-04-25 07:00:00,-34.7182,143.1437,0.0,,,,,
2009-10-06 08:00:00,-33.2651,151.5678,2.0,,,,,
2009-12-14 12:00:00,-30.6415,152.9906,2.0,,,,,
2009-12-21 04:58:00,-32.0067,149.9846,3.0,,,,,
2009-12-21 06:50:00,-32.5651,151.1678,6.7,,,,,
2010-01-06 03:00:00,-33.7317,150.4512,4.0,,,,,
2010-01-14 07:10:00,-33.2817,149.1012,3.0,,,,,
2010-01-17 05:00:00,-29.7651,153.1178,7.0,,,,,
2010-01-27 04:00:00,-29.2817,152.9845,4.3,,,,,
2010-01-27 05:20:00,-28.7817,153.1678,3.0,,,,,
2010-01-27 05:00:00,-28.8484,153.0511,3.0,,,,,
2010-01-27 11:00:00,-30.9651,151.3511,5.0,,,,,
2010-01-27 05:30:00,-33.3817,149.8846,4.0,,,,,
2010-01-28 05:45:00,-33.6817,150.6012,3.2,,,,,
2010-01-28 05:45:00,-33.6984,150.5346,2.9,,,,,
2010-01-28 06:15:00,-34.4817,150.2679,5.0,,,,,
2010-01-28 05:30:00,-33.7151,150.4346,3.0,,,,,
2010-01-28 07:30:00,-31.2317,151.0178,5.5,,,,,
2010-01-28 08:20:00,-28.8484,153.0511,4.3,,,,,
2010-03-07 03:40:00,-35.5318,144.9347,2.0,,,,,
2010-03-28 04:30:00,-34.6556,150.2996,0.0,,,,,
2003-01-21 05:10:00,-28.2154,152.0353,0.8,,,,,
2003-01-21 07:45:00,-27.5592,151.9536,2.4,,,,,
2003-02-13 05:30:00,-27.5673,152.5947,1.5,,,,,
2007-02-16 07:50:00,-42.9400,147.4950,2.1,,,,,
2010-01-28 05:35:00,-32.0067,149.9846,3.0,,,,,
2007-02-16 07:24:00,-42.7520,147.2270,4.3,,,,,
2009-01-30 05:30:00,-42.3320,147.9400,2.5,,,,,
2009-01-31 06:40:00,-41.6230,148.2220,6.7,,,,,
2009-01-31 07:10:00,-41.6270,148.3130,6.7,,,,,
2003-02-19 04:30:00,-27.6042,152.8091,2.0,,,,,
2003-03-16 00:00:00,-27.7856,152.7552,0.8,,,,,
2003-03-16 00:00:00,-27.5592,151.9536,2.5,,,,,
2009-10-30 05:30:00,-37.7457,142.0204,3.0,,,,,
2009-10-30 07:00:00,-38.3851,142.4839,0.0,,,,,
2009-10-30 07:00:00,-36.0559,146.4593,2.0,,,,,
2009-12-31 08:15:00,-37.6452,142.0655,7.4,,,,,
2010-01-01 08:00:00,-37.5151,145.2446,2.0,,,,,
2010-01-17 15:30:00,-37.8855,145.2942,2.0,,,,,
2003-03-25 00:00:00,-28.3340,152.2961,1.0,,,,,
2010-02-26 04:00:00,-34.7182,143.1437,1.9,,,,,
2010-02-27 03:00:00,-36.8268,144.5848,3.0,,,,,
2010-03-06 03:15:00,-37.6838,144.5834,4.3,,,,,
2010-03-06 03:30:00,-37.6815,144.7830,2.0,,,,,
2003-03-30 00:00:00,-27.9206,152.7025,4.3,,,,,
2010-03-06 03:25:00,-37.7210,144.7761,2.0,,,,,
2003-03-31 00:00:00,-24.8662,152.3494,0.0,,,,,
2003-04-03 00:00:00,-26.8092,152.9655,4.3,,,,,
2003-04-03 05:00:00,-27.5592,151.9536,4.3,,,,,
2003-04-03 00:00:00,0.0000,0.0000,0.8,,,,,
2003-05-15 02:30:00,-27.1545,149.0678,4.3,,,,,
2010-03-06 04:00:00,-37.7749,144.9153,3.2,,,,,
2010-03-06 04:15:00,-37.8809,145.1636,4.3,,,,,
2010-03-06 03:50:00,-37.7932,144.9382,3.0,,,,,
2010-03-06 04:10:00,-37.8316,145.2409,4.5,,,,,
2010-03-06 04:20:00,-37.8855,145.2942,2.5,,,,,
2010-03-06 04:30:00,-37.8855,145.2942,10.0,,,,,
2010-03-06 04:55:00,-36.9274,144.1620,2.0,,,,,
2010-03-07 05:30:00,-36.0921,145.4416,4.0,,,,,
2010-04-11 08:20:00,-38.9104,145.9193,2.0,,,,,
2003-10-02 00:00:00,-26.7234,153.1302,0.0,,,,,
2003-10-24 06:40:00,-27.9420,152.6233,6.7,,,,,
2003-10-24 06:40:00,-27.9420,152.6233,3.2,,,,,
2003-10-24 05:00:00,-27.6515,152.7794,4.3,,,,,
2003-10-24 05:00:00,-26.7581,152.8513,2.5,,,,,
2003-10-24 00:00:00,-27.9998,152.6816,0.0,,,,,
2003-10-25 00:00:00,-26.7667,152.8500,4.3,,,,,
2003-10-25 00:00:00,-26.6248,152.8666,4.3,,,,,
2003-10-25 00:00:00,-26.6976,152.8119,4.3,,,,,
2003-10-25 00:00:00,-26.7667,153.1333,4.3,,,,,
2003-10-25 00:00:00,-25.5115,152.0461,2.9,,,,,
2003-10-25 00:00:00,-26.1059,151.8425,0.0,,,,,
2003-10-25 00:00:00,-26.2637,151.8261,0.0,,,,,
2003-10-25 00:00:00,-26.1648,151.6028,0.0,,,,,
2003-10-25 00:00:00,-26.2418,151.9414,0.0,,,,,
2003-10-25 08:00:00,-27.5518,151.8316,4.3,,,,,
2003-10-25 00:00:00,-27.3920,152.5022,7.2,,,,,
2003-10-25 00:00:00,-27.2395,152.4197,7.2,,,,,
2010-03-06 03:52:00,-37.7717,144.9937,3.0,,,,,
2010-03-06 04:05:00,-37.8577,145.3642,3.0,,,,,
2010-03-06 03:05:00,-37.8203,145.1537,5.0,,,,,
2010-03-06 04:00:00,-37.8776,145.1273,4.0,,,,,
2010-03-06 04:00:00,-37.8776,145.1273,4.2,,,,,
2010-03-06 04:30:00,-37.8727,145.3446,7.0,,,,,
2010-03-06 04:00:00,-37.8204,144.9958,3.0,,,,,
2010-03-06 04:00:00,-37.8784,145.0681,2.0,,,,,
2010-03-06 04:15:00,-37.8638,145.2856,4.2,,,,,
2010-03-06 04:10:00,-37.8776,145.1273,4.5,,,,,
2010-03-06 03:30:00,-37.8436,144.9740,6.0,,,,,
2010-03-06 02:45:00,-37.1052,144.0956,2.0,,,,,
2010-03-06 03:30:00,-37.8776,145.1273,3.0,,,,,
2010-03-06 04:18:00,-37.8876,145.0793,2.0,,,,,
2010-03-06 03:30:00,-37.8036,144.9588,3.0,,,,,
2010-03-06 04:30:00,-37.8316,145.2409,3.5,,,,,
2010-03-06 04:15:00,-37.8520,145.1075,3.0,,,,,
2010-03-06 03:40:00,-37.8792,145.0579,4.0,,,,,
2010-03-06 04:00:00,-37.8036,144.9588,3.0,,,,,
2010-03-06 04:00:00,-37.8631,145.0651,5.0,,,,,
2010-03-06 04:30:00,-37.8809,145.1636,2.0,,,,,
2010-03-06 03:50:00,-37.8809,145.1636,2.0,,,,,
2010-03-06 02:30:00,-37.8036,144.9588,3.0,,,,,
2010-03-06 04:30:00,-37.8944,145.3864,4.2,,,,,
2010-03-06 04:00:00,-37.8776,145.1273,3.0,,,,,
2010-03-06 03:15:00,-37.2494,144.4519,2.0,,,,,
2010-03-06 04:04:00,-37.8776,145.1273,4.3,,,,,
2010-03-06 03:45:00,-37.7285,144.9404,2.0,,,,,
2010-03-06 04:10:00,-37.8776,145.1273,2.5,,,,,
2010-03-06 04:00:00,-37.8920,145.2463,7.3,,,,,
2010-03-06 04:10:00,-37.8809,145.1636,4.5,,,,,
2003-10-26 03:00:00,-28.2154,152.0353,5.0,,,,,
2003-10-26 03:40:00,-27.4634,151.9458,3.0,,,,,
2003-10-26 03:50:00,-27.5592,151.9536,2.0,,,,,
2010-08-18 11:00:00,-36.2528,142.3947,0.0,,,,,
2010-08-18 11:00:00,-36.1131,141.6489,2.9,,,,,
2010-08-18 12:00:00,-35.8111,144.2110,1.7,,,,,
2010-08-15 02:50:00,-33.7317,151.1346,2.0,,,,,
2003-10-26 15:55:00,-27.9984,153.3344,7.2,,,,,
2003-10-26 00:00:00,-27.9984,153.3344,4.3,,,,,
2003-10-26 00:00:00,-27.4500,153.0333,4.3,,,,,
2003-10-26 00:00:00,-26.8856,152.1030,4.3,,,,,
2003-10-26 00:00:00,-26.1826,152.0680,4.3,,,,,
2003-10-26 00:00:00,-26.6709,152.0003,4.3,,,,,
2003-10-26 00:00:00,-24.7743,152.4172,4.3,,,,,
2003-10-26 00:00:00,-24.7165,152.2749,4.3,,,,,
2003-10-26 00:00:00,-24.1820,149.8133,4.3,,,,,
2010-03-22 15:30:00,-31.9364,115.8136,6.0,,,,,
2010-03-22 15:30:00,-32.1219,115.8431,6.0,,,,,
2010-03-22 15:30:00,-31.9183,115.8239,5.5,,,,,
2010-03-22 15:30:00,-30.8586,119.7047,5.0,,,,,
2010-03-22 15:30:00,-31.9289,115.8269,5.0,,,,,
2003-11-24 03:50:00,-27.9904,153.3358,4.3,,,,,
2003-11-24 07:30:00,-28.0000,153.4167,2.1,,,,,
2003-11-24 09:20:00,-27.5059,153.1352,3.2,,,,,
2004-01-24 00:00:00,-27.6145,152.7608,4.3,,,,,
2004-01-24 10:00:00,-27.6315,152.3939,2.5,,,,,
2004-01-24 00:00:00,-28.2154,152.0353,2.5,,,,,
2004-01-26 05:30:00,-24.0062,151.1989,2.9,,,,,
2004-01-26 05:30:00,-27.6145,152.7608,4.3,,,,,
2004-01-27 05:30:00,-22.8501,150.1103,4.3,,,,,
2004-01-27 06:45:00,-27.6315,152.3939,4.3,,,,,
2004-01-27 07:30:00,-27.5612,152.2755,2.9,,,,,
2004-01-30 06:20:00,-27.6317,153.1094,0.6,,,,,
2004-01-30 04:00:00,-28.6548,151.9350,4.3,,,,,
2004-01-30 05:20:00,-26.1861,152.6681,7.2,,,,,
2004-01-30 00:00:00,-25.5881,151.2991,2.9,,,,,
2004-01-30 00:00:00,-26.9500,152.8000,4.3,,,,,
2004-01-31 00:00:00,-25.5376,152.7019,4.3,,,,,
2004-01-31 04:00:00,-25.9165,153.0036,7.2,,,,,
2004-01-28 00:00:00,-26.8048,153.1338,7.2,,,,,
2004-01-28 00:00:00,-26.2165,152.4200,4.3,,,,,
2004-01-28 00:00:00,-25.5115,152.0461,2.9,,,,,
2003-12-09 06:10:00,-23.8429,151.2555,0.0,,,,,
2003-12-09 06:10:00,-23.9000,151.2167,0.0,,,,,
2003-12-09 04:00:00,-17.2660,145.4781,4.3,,,,,
2003-12-06 05:00:00,-25.2365,152.2774,0.0,0,0,0,0,
2003-12-06 07:00:00,-25.6351,152.1427,0.0,0,0,0,0,
2004-02-23 00:00:00,-26.6709,152.0003,4.3,,,,,
2004-02-16 00:00:00,-27.5592,151.9536,3.0,,,,,
2004-02-16 00:00:00,-26.6709,152.0003,4.3,,,,,
2004-02-16 05:00:00,-27.5612,152.2755,4.3,,,,,
2004-02-16 05:00:00,-27.5537,152.0239,4.3,,,,,
2011-02-28 08:15:00,-31.9652,141.4513,1.2,,,,,
2011-01-19 06:20:00,-30.6415,152.9906,3.2,,,,,
2010-10-22 05:16:00,-34.2234,150.9762,3.0,,,,,
2010-11-01 05:30:00,-32.6401,151.7484,1.9,,,,,
2010-11-08 05:24:00,-33.7151,150.7512,2.4,,,,,
2010-11-08 05:45:00,-34.1817,150.6012,2.0,,,,,
2010-11-08 06:20:00,-35.3000,149.1333,2.0,,,,,
2010-11-08 06:38:00,-33.9651,150.8012,4.3,,,,,
2010-11-08 10:15:00,-33.5984,150.7679,2.0,,,,,
2010-11-08 05:50:00,-33.8984,150.9346,3.0,,,,,
2010-10-28 04:23:00,-27.6065,152.7758,4.0,,,,,
2010-12-15 06:20:00,-27.7659,153.1091,2.5,,,,,
2010-12-15 06:30:00,-27.6817,153.1886,4.3,,,,,
2010-12-15 06:30:00,-27.6776,153.1344,5.5,,,,,
2010-12-15 06:40:00,-27.7000,153.1667,6.7,,,,,
2010-12-16 05:45:00,-27.5706,153.1241,4.3,,,,,
2010-12-16 06:45:00,-26.6820,153.1177,4.3,,,,,
2010-12-16 08:40:00,-27.5537,152.0239,4.3,,,,,
2010-12-17 00:00:00,-27.5704,151.7155,3.0,,,,,
2010-12-17 00:00:00,-27.4634,151.9458,2.0,,,,,
2010-12-14 06:36:00,-35.1651,149.2512,0.0,,,,,
2010-12-16 03:00:00,-33.6317,151.3179,2.0,,,,,
2010-12-16 03:00:00,-33.9484,150.7512,3.5,,,,,
2010-12-16 08:00:00,-30.9817,151.5845,4.5,,,,,
2011-01-03 01:45:00,-33.4167,149.5807,0.0,,,,,
2011-01-03 06:32:00,-31.0817,150.9345,3.0,,,,,
2011-01-05 07:40:00,-35.3000,149.1333,4.3,,,,,
2011-01-19 02:29:00,-30.4317,152.0345,4.3,,,,,
2011-01-19 07:20:00,-29.6484,152.8011,0.0,,,,,
2011-02-21 00:00:00,-27.5262,152.9650,1.9,,,,,
2010-11-26 05:00:00,-37.6725,145.1540,0.0,,,,,
2010-11-07 03:30:00,-37.0009,143.9158,2.0,,,,,
2010-11-07 04:45:00,-37.2979,144.2416,0.0,,,,,
2010-12-05 01:55:00,-37.3460,144.1427,2.0,,,,,
2010-12-17 07:00:00,-38.0773,145.4779,2.0,,,,,
2011-01-22 06:00:00,-36.7967,147.5250,4.3,,,,,
2010-09-09 00:00:00,-37.4091,142.4113,3.5,,,,,
2010-12-03 04:00:00,-38.5708,143.3289,2.0,,,,,
2011-05-03 05:30:00,-27.8723,153.3147,2.4,,,,,
2011-05-03 05:30:00,-27.9401,153.3177,4.3,,,,,
2011-05-30 08:20:00,-27.9156,152.9855,2.0,,,,,
2011-05-30 08:50:00,-27.9881,152.9958,3.2,,,,,
2011-05-30 09:45:00,-27.8301,153.0313,3.0,,,,,
2011-05-31 06:00:00,-27.5401,153.0677,2.4,,,,,
2011-05-31 06:00:00,-27.4734,153.0955,2.9,,,,,
2004-10-17 00:00:00,-26.7384,150.6283,5.7,,,,,
2011-04-02 06:30:00,-29.6817,152.9345,2.9,,,,,
2004-10-20 00:00:00,-23.1290,150.7444,4.3,,,,,
2004-09-05 00:00:00,-27.6145,152.7608,4.3,,,,,
2004-10-26 12:15:00,-27.8790,151.2683,4.3,,,,,
2004-10-27 07:00:00,-25.6404,149.7983,6.7,,,,,
2011-05-30 06:30:00,-33.6984,151.2679,0.0,,,,,
2004-11-08 06:30:00,-27.9998,152.6816,7.2,,,,,
2004-11-09 04:20:00,-27.5512,153.0344,4.3,,,,,
2004-11-09 04:20:00,-27.5151,152.9386,4.3,,,,,
2004-11-09 04:20:00,-27.5345,153.0261,4.3,,,,,
2004-11-09 04:00:00,-27.2833,153.0667,7.2,,,,,
2004-11-09 04:55:00,-27.6315,152.3939,4.3,,,,,
2004-11-09 04:55:00,-23.6451,149.3314,4.3,,,,,
2004-12-02 06:00:00,-27.4340,151.7211,2.1,,,,,
2004-12-02 08:15:00,-26.6709,152.0003,2.5,,,,,
2004-12-02 07:00:00,-27.2659,152.0580,4.3,,,,,
2010-10-22 02:55:00,-33.6651,150.2846,2.4,,,,,
2010-10-22 04:25:00,-33.4518,150.5346,0.0,,,,,
2004-12-22 07:20:00,-28.5834,148.2278,0.0,,,,,
2004-12-06 11:30:00,-22.8232,147.6383,2.5,,,,,
2004-12-06 11:30:00,-22.8232,147.6383,4.3,,,,,
2004-12-20 07:10:00,-27.9881,152.9958,4.3,,,,,
2004-12-27 08:30:00,-27.5612,152.2755,5.0,,,,,
2004-12-04 00:00:00,-28.0332,147.4800,7.2,,,,,
2005-01-21 07:20:00,-27.6056,152.6647,4.3,,,,,
2005-01-21 07:30:00,-27.5915,152.7353,4.3,,,,,
2005-03-26 06:15:00,-25.5193,152.6127,6.7,,,,,
2005-03-26 04:10:00,-27.6304,152.6997,2.5,,,,,
2005-03-26 00:00:00,-25.8333,152.5333,7.5,,,,,
2005-03-26 06:00:00,-27.1901,153.0172,4.0,,,,,
2005-03-26 00:00:00,-27.1545,152.9730,4.3,,,,,
2005-03-26 06:00:00,-25.2365,152.2774,4.3,,,,,
2005-03-26 06:00:00,-25.9345,152.6380,7.2,,,,,
2005-09-27 05:10:00,-26.5409,151.8394,7.0,,,,,
2005-09-27 00:00:00,-28.2500,152.4833,5.0,,,,,
2005-09-30 00:00:00,-26.5409,151.8394,7.0,,,,,
2005-11-15 02:00:00,-27.5612,152.2755,3.0,,,,,
2005-11-15 00:00:00,-27.4654,152.4844,2.0,,,,,
2005-11-15 03:45:00,-28.3809,150.6086,2.5,,,,,
2005-11-27 05:30:00,-27.2333,153.1000,4.3,,,,,
2005-11-27 00:00:00,-27.8226,152.6150,4.3,,,,,
2005-11-27 05:30:00,-27.5345,152.9366,4.0,,,,,
2005-11-27 04:53:00,-27.2023,152.9591,4.3,,,,,
2005-11-27 05:40:00,-27.2333,153.0333,4.3,,,,,
2005-11-28 15:15:00,-20.4018,148.5808,4.3,,,,,
2005-11-29 00:00:00,-27.6231,152.7600,2.1,,,,,
2005-11-29 05:00:00,-27.6167,153.0333,2.1,,,,,
2005-11-29 04:15:00,-27.6029,152.8730,2.1,,,,,
2005-11-29 00:00:00,-27.5790,153.0594,2.5,,,,,
2005-11-29 05:30:00,-21.1412,149.1858,7.0,,,,,
2005-11-29 00:00:00,-20.0765,146.2614,4.3,,,,,
2005-11-30 05:45:00,-23.6145,150.1566,2.5,,,,,
2005-11-30 05:30:00,-23.4837,150.3286,2.5,,,,,
2005-11-30 01:00:00,-17.5500,145.7000,2.4,,,,,
2005-10-12 00:00:00,-27.9401,153.3177,5.0,,,,,
2005-10-12 00:00:00,-27.9167,153.3000,6.7,,,,,
2005-10-12 00:00:00,-27.9904,153.3358,6.7,,,,,
2005-10-13 00:00:00,-25.6404,149.7983,0.0,,,,,
2005-10-13 08:10:00,-27.6315,152.3939,6.7,,,,,
2005-10-13 00:00:00,-27.5612,152.2755,4.3,,,,,
2005-10-19 11:30:00,-17.1490,145.1108,4.3,,,,,
2005-10-19 11:30:00,-16.9971,145.4231,4.3,,,,,
2005-10-20 11:30:00,-17.4349,145.4300,10.0,,,,,
2005-10-21 07:00:00,-27.0854,152.3758,4.0,,,,,
2005-10-21 02:00:00,-25.6404,149.7983,3.0,,,,,
2005-10-24 00:00:00,-27.7381,152.2264,4.3,,,,,
2005-10-24 07:45:00,-27.6315,152.3939,7.5,,,,,
2005-10-24 00:00:00,-25.6762,151.8205,4.3,,,,,
2005-10-25 06:30:00,-27.6817,152.9816,4.3,,,,,
2005-10-27 05:19:00,-27.5592,151.9536,4.0,,,,,
2005-10-27 00:00:00,-27.5592,151.9536,4.3,,,,,
2005-05-28 05:17:00,-27.6817,152.9816,2.0,,,,,
2011-01-18 05:30:00,-30.6484,153.0011,4.0,,,,,
2006-05-28 05:17:00,-27.6817,152.9816,2.0,,,,,
2006-04-21 05:00:00,-26.9833,149.8833,4.3,,,,,
2006-04-05 00:00:00,-26.5734,148.7870,2.9,,,,,
2010-08-18 12:00:00,-35.7323,143.9189,0.0,,,,,
2005-12-25 04:00:00,-28.1137,153.0302,2.1,,,,,
2005-12-26 00:00:00,-26.6709,152.0003,4.3,,,,,
2005-12-26 00:00:00,-26.5409,151.8394,4.3,,,,,
2005-12-13 00:00:00,-27.8301,153.0313,4.3,,,,,
2005-12-13 00:00:00,-28.2115,152.8633,4.3,,,,,
2005-12-14 00:00:00,-26.1901,152.6655,4.3,,,,,
2010-10-29 17:30:00,-25.8431,133.2929,4.0,0,0,0,0,
2010-11-09 15:00:00,-19.6511,134.1897,4.3,0,0,0,0,
2010-11-09 17:00:00,-19.6511,134.1897,4.3,0,0,0,0,
2010-11-12 20:45:00,-25.0306,128.3000,3.2,,,,,
2011-08-30 06:20:00,-23.0834,148.0244,2.9,,,,,
2011-10-06 06:00:00,-23.9793,147.9503,0.0,,,,,
2011-10-06 06:00:00,-23.8568,148.1250,2.0,,,,,
2011-10-06 06:00:00,-23.7676,148.1325,2.0,,,,,
2011-10-13 05:00:00,-27.6234,152.9677,2.0,,,,,
2011-10-13 05:20:00,-27.6723,152.8986,2.4,,,,,
2011-10-13 06:00:00,-21.8490,146.6072,4.0,,,,,
2011-10-15 04:40:00,-28.1287,152.8161,3.0,,,,,
2011-10-15 05:20:00,-28.2115,152.8633,4.0,,,,,
2011-10-15 05:35:00,-27.9998,152.6816,4.3,,,,,
2011-10-15 05:45:00,-27.9881,152.9958,2.0,,,,,
2011-10-15 06:25:00,-27.9401,153.3177,2.9,,,,,
2011-10-15 06:30:00,-27.5426,152.9838,1.9,,,,,
2011-10-15 06:30:00,-27.5623,152.9761,2.0,,,,,
2011-10-15 06:30:00,-27.5673,152.5947,4.0,,,,,
2011-10-15 06:30:00,-26.2418,151.9414,4.0,,,,,
2011-10-15 06:55:00,-27.3667,153.0167,2.4,,,,,
2011-10-15 07:00:00,-27.3500,152.9667,4.3,,,,,
2011-10-15 07:15:00,-27.3109,153.0177,4.3,,,,,
2011-10-15 07:30:00,-27.6234,152.9677,4.3,,,,,
2011-10-15 07:30:00,-27.3192,153.0344,5.0,,,,,
2011-10-26 10:50:00,-28.2081,151.5656,3.0,,,,,
2011-10-30 08:00:00,-28.2154,152.0353,2.0,,,,,
2011-12-12 00:00:00,-28.0365,148.5798,0.0,,,,,
2004-10-26 02:45:00,-28.2154,152.0353,5.0,,,,,
2004-10-26 03:20:00,-28.1167,153.4667,4.3,,,,,
2004-12-08 00:00:00,-28.0365,148.5798,2.0,,,,,
2005-03-21 00:00:00,-26.3917,153.0386,2.0,,,,,
2005-03-25 00:00:00,-23.1290,150.7444,2.0,,,,,
2005-11-19 00:00:00,-28.3809,150.6086,2.5,,,,,
2006-09-27 00:00:00,-28.2154,152.0353,4.3,,,,,
2006-11-08 00:00:00,-27.2395,152.4197,7.2,,,,,
2006-11-08 00:00:00,-27.2395,152.4197,4.3,,,,,
2006-11-15 00:00:00,-25.9165,153.0036,7.2,,,,,
2006-11-15 00:00:00,-25.2500,153.1667,4.3,,,,,
2006-11-15 00:00:00,-27.4029,152.9283,3.0,,,,,
2006-11-15 00:00:00,-27.4792,153.0625,2.0,,,,,
2006-11-15 00:00:00,-27.4401,153.1705,4.3,,,,,
2006-11-15 00:00:00,-25.5115,152.0461,4.3,,,,,
2006-11-29 00:00:00,-27.5426,152.9838,2.0,,,,,
2006-11-29 00:00:00,-27.6145,152.7608,4.3,,,,,
2006-12-12 00:00:00,-27.8790,151.2683,3.0,,,,,
2006-12-16 00:00:00,-25.7237,152.5836,2.5,,,,,
2007-01-13 00:00:00,-28.2154,152.0353,4.0,,,,,
2007-01-26 00:00:00,-27.7209,152.3753,3.0,,,,,
2007-02-11 00:00:00,-28.8587,151.1656,2.0,,,,,
2007-02-12 00:00:00,-23.4393,150.4558,4.3,,,,,
2007-02-12 00:00:00,-27.6145,152.7608,3.0,,,,,
2011-08-30 05:00:00,-28.8540,152.5164,3.0,,,,,
2011-09-25 05:00:00,-28.8317,153.5345,5.0,,,,,
2011-10-15 06:18:00,-28.3317,153.3845,2.1,,,,,
2011-10-30 07:30:00,-29.0984,152.9511,4.3,,,,,
2011-11-12 03:40:00,-30.4317,152.0345,4.0,,,,,
2011-11-29 07:30:00,-35.2333,149.0167,3.0,,,,,
2011-09-28 02:30:00,-34.1569,141.1570,4.3,,,,,
2011-09-28 03:40:00,-35.0690,142.3161,2.5,,,,,
2011-09-28 02:30:00,-36.3818,145.4024,0.0,,,,,
2011-10-22 04:10:00,-37.5615,143.8530,3.0,,,,,
2011-11-09 08:15:00,-38.0773,145.4779,3.0,,,,,
2011-11-10 06:20:00,-38.4273,145.8200,5.0,,,,,
2011-12-24 06:30:00,-37.8398,146.2726,1.9,,,,,
2011-12-24 07:00:00,-37.7834,145.6111,2.4,,,,,
2011-12-24 08:00:00,-37.8982,146.0048,2.0,,,,,
2011-12-25 04:40:00,-37.7305,144.9007,2.0,,,,,
2011-12-25 04:49:00,-37.9017,144.6627,0.0,,,,,
2011-12-25 06:05:00,-37.6572,144.2306,4.0,,,,,
2011-12-25 06:23:00,-37.7285,144.6534,4.3,,,,,
2011-12-25 04:30:00,-37.7210,144.7761,4.3,,,,,
2011-12-25 07:48:00,-37.6604,145.3731,2.5,,,,,
2011-12-25 06:10:00,-37.6725,145.1540,5.0,,,,,
2011-12-25 06:10:00,-37.7258,145.1347,2.0,,,,,
2011-12-25 06:30:00,-37.6604,145.3731,5.0,,,,,
2011-12-25 04:30:00,-37.6888,144.7419,6.0,,,,,
2011-12-25 04:40:00,-37.7087,144.7947,6.7,,,,,
2011-12-25 04:45:00,-37.7396,144.9809,2.0,,,,,
2011-12-25 04:45:00,-37.7377,144.8029,4.3,,,,,
2011-12-25 04:45:00,-37.7685,144.9598,4.0,,,,,
2012-04-22 07:13:00,-38.0422,145.3476,2.2,,,,,
2012-04-22 08:15:00,-36.3948,146.4469,2.0,,,,,
2011-12-12 06:00:00,-28.8317,153.5345,3.0,,,,,
2012-01-20 04:45:00,-35.9484,149.1512,3.0,,,,,
2012-02-13 03:30:00,-33.6317,150.2846,2.5,,,,,
2012-02-13 04:00:00,-31.2315,147.6287,2.8,,,,,
2012-02-18 06:24:00,-32.2567,148.6012,2.0,,,,,
2012-02-18 08:41:00,-35.1833,149.1000,3.0,,,,,
2012-02-19 08:08:00,-34.5592,150.3823,4.3,,,,,
2012-02-20 11:40:00,-29.0817,153.4345,4.3,,,,,
2011-11-12 03:30:00,-30.3817,152.5845,6.0,,,,,
2011-11-11 06:30:00,-37.5615,143.8530,4.3,,,,,
2012-12-19 05:10:00,-42.8820,147.3230,2.5,,,,,
2012-04-23 03:30:00,-41.1790,146.4860,2.0,,,,,
2011-07-30 17:25:00,-34.0871,140.8821,4.0,,,,,
2011-07-30 17:25:00,-34.1790,140.7850,4.0,,,,,
2012-10-22 06:30:00,-36.7507,144.0457,3.5,,,,,
2011-11-08 00:00:00,-34.1794,139.9748,0.0,,,,,
2011-12-17 00:00:00,0.0000,0.0000,0.0,,,,,
2011-12-17 00:00:00,-33.0594,137.5154,4.3,,,,,
2011-12-17 00:00:00,-33.1392,136.4198,4.3,,,,,
2010-10-14 00:00:00,-34.3875,139.9139,1.9,,,,,
2010-10-14 00:00:00,-34.7195,140.7301,1.9,,,,,
2010-11-26 15:00:00,-34.1758,139.0841,4.3,,,,,
2010-12-05 00:00:00,-34.6011,138.8909,4.3,,,,,
2010-12-07 00:00:00,-34.8121,138.6862,1.7,,,,,
2012-07-12 12:00:00,-33.3403,115.6419,2.1,,,,,
2011-02-16 00:00:00,-37.5638,140.7014,1.7,,,,,
2011-02-16 00:00:00,-37.8241,140.7798,1.7,,,,,
2011-10-23 16:00:00,-23.8045,133.9037,0.0,,,,,
2008-09-19 00:00:00,-26.9431,152.5652,2.1,,,,,
2008-09-20 07:00:00,-27.6304,152.6997,2.1,,,,,
2008-09-21 00:00:00,-28.2115,152.8633,5.0,,,,,
2008-09-21 00:00:00,-27.6381,152.5927,3.0,,,,,
2008-09-21 00:00:00,-27.5570,152.5455,3.0,,,,,
2008-09-21 00:00:00,-27.3154,152.5677,3.0,,,,,
2008-09-21 00:00:00,-27.6145,152.7608,4.5,,,,,
2008-09-21 00:00:00,-27.6145,152.7608,0.0,,,,,
2008-10-15 00:00:00,-27.5612,152.2755,2.0,,,,,
2008-10-15 00:00:00,-27.2395,152.4197,2.0,,,,,
2008-10-15 09:15:00,-27.3487,153.0177,3.8,,,,,
2008-10-15 00:00:00,-27.5770,152.2022,5.7,,,,,
2008-10-21 00:00:00,-27.5592,151.9536,2.9,,,,,
2008-10-21 06:00:00,-27.9998,152.6816,4.3,,,,,
2008-10-21 00:00:00,-27.8101,152.6672,4.3,,,,,
2008-10-21 00:00:00,-27.6231,152.7600,4.0,,,,,
2008-10-22 02:45:00,-28.0606,153.4133,4.3,,,,,
2008-10-25 02:00:00,-27.9984,153.3344,3.8,,,,,
2008-10-25 04:30:00,-27.3762,153.0788,4.3,,,,,
2008-10-25 07:15:00,-26.8431,152.8847,6.0,,,,,
2008-10-25 00:00:00,-25.9165,153.0036,4.3,,,,,
2008-11-16 04:30:00,-27.9690,153.1597,4.3,,,,,
2008-11-16 06:08:00,-27.9726,153.1977,4.0,,,,,
2008-11-16 00:00:00,-27.9401,153.2427,4.3,,,,,
2008-11-16 07:30:00,-27.3904,152.9327,2.0,,,,,
2008-11-16 00:00:00,-27.4029,152.9283,3.0,,,,,
2008-11-16 00:00:00,-27.9881,152.9958,4.0,,,,,
2008-11-19 00:00:00,-27.5762,151.9539,3.0,,,,,
2008-11-20 08:00:00,-23.5759,148.8869,18.0,,,,,
2008-11-20 00:00:00,-27.4484,153.0122,3.0,,,,,
2008-11-20 00:00:00,-27.4567,153.1844,3.5,,,,,
2008-11-20 00:00:00,-27.2167,153.0833,2.4,,,,,
2008-11-20 00:00:00,-27.4484,153.0122,4.3,,,,,
2008-11-20 00:00:00,-27.4345,153.0316,4.3,,,,,
2008-12-04 05:15:00,-26.6709,152.0003,4.3,,,,,
2008-12-04 00:00:00,-27.2279,153.1150,4.3,,,,,
2008-12-06 07:20:00,-27.1167,152.8833,2.0,,,,,
2008-12-07 06:30:00,-26.7776,151.1108,7.0,,,,,
2008-12-20 04:30:00,-23.3309,150.6980,7.5,,,,,
2007-09-22 00:00:00,-28.0356,151.9803,3.5,,,,,
2007-10-08 07:00:00,-28.1698,153.5344,4.3,,,,,
2007-10-09 07:00:00,-27.2833,152.9333,4.0,,,,,
2007-10-09 07:00:00,-27.2333,153.0333,2.4,,,,,
2007-10-09 07:00:00,-27.0851,152.9513,2.5,,,,,
2007-10-09 07:00:00,-27.2279,153.1150,5.0,,,,,
2007-10-09 07:00:00,-27.6234,152.9677,2.4,,,,,
2007-10-09 07:00:00,-27.6167,153.0333,3.5,,,,,
2007-10-09 07:00:00,-27.5512,153.0344,2.9,,,,,
2007-10-09 07:00:00,-27.5987,153.0511,2.4,,,,,
2007-10-09 07:00:00,-27.9904,153.3358,4.3,,,,,
2007-10-09 07:00:00,-28.0195,153.1652,5.0,,,,,
2007-10-09 07:00:00,-27.9881,152.9958,5.0,,,,,
2007-10-09 07:00:00,-27.9881,152.9958,7.4,,,,,
2007-10-12 00:00:00,-28.1698,153.5344,4.3,,,,,
2007-10-12 00:00:00,-27.7000,153.2167,2.0,,,,,
2007-10-26 00:00:00,-27.3500,152.9667,3.0,,,,,
2007-10-29 00:00:00,-23.5209,148.1619,4.3,,,,,
2007-11-30 08:00:00,-17.5824,146.0428,2.0,,,,,
2007-12-04 11:00:00,-23.5209,148.1619,4.3,,,,,
2007-10-29 00:00:00,-24.1162,148.0886,3.2,,,,,
2007-10-29 00:00:00,-23.5209,148.1619,2.9,,,,,
2007-10-10 00:00:00,-28.0356,151.9803,3.0,,,,,
2008-04-22 11:45:00,-27.5537,152.0239,2.1,,,,,
2007-10-08 08:00:00,-27.6137,152.7922,2.1,,,,,
2007-10-09 10:00:00,-27.0848,153.1133,4.3,,,,,
2007-10-09 07:12:00,-27.2833,152.9333,4.0,,,,,
2007-10-08 07:00:00,-28.1698,153.5344,4.3,,,,,
2007-10-09 00:00:00,-28.1698,153.5344,2.5,,,,,
2007-10-09 00:00:00,-27.6234,152.9677,2.4,,,,,
2007-10-09 00:00:00,-27.6167,153.0333,3.5,,,,,
2007-10-09 00:00:00,-27.9904,153.3358,4.3,,,,,
2007-10-09 00:00:00,-27.9904,153.3358,2.4,,,,,
2007-10-09 00:00:00,-27.9904,153.3358,2.9,,,,,
2007-10-09 00:00:00,-27.5987,153.0511,2.4,,,,,
2007-10-09 00:00:00,-27.2279,153.1150,5.0,,,,,
2007-10-09 00:00:00,-28.0195,153.1652,5.0,,,,,
2007-10-09 00:00:00,-27.9881,152.9958,4.3,,,,,
2007-10-11 00:00:00,-27.7000,153.2167,2.0,,,,,
2007-10-11 00:00:00,-26.6709,152.0003,7.4,,,,,
2007-10-11 00:00:00,-28.1698,153.5344,4.3,,,,,
2012-11-07 05:20:00,-24.1400,134.3800,4.3,,,,,
2012-02-13 14:14:00,-27.9881,152.9958,3.5,,,,,
2012-10-14 20:02:00,-28.7984,153.2678,4.3,,,,,
2012-11-23 08:40:00,-26.1206,149.9631,3.0,,,,,
2012-11-23 09:10:00,-26.7384,150.6283,4.0,,,,,
2012-11-22 05:30:00,-27.6315,152.3939,4.3,,,,,
2012-11-22 07:20:00,-27.6315,152.3939,2.0,,,,,
2012-11-22 07:50:00,-26.8412,151.9841,2.0,,,,,
2012-11-22 05:30:00,-26.6709,152.0003,5.0,,,,,
2012-11-19 19:48:00,-23.7145,149.6708,4.3,,,,,
2012-11-19 06:00:00,-25.2365,152.2774,2.0,,,,,
2012-11-18 00:00:00,-27.5562,152.9214,4.3,,,,,
2012-11-18 06:50:00,-27.9998,152.6816,9.0,,,,,
2012-11-18 04:00:00,-25.5115,152.0461,6.0,,,,,
2012-11-18 08:15:00,-26.9590,152.9572,4.0,,,,,
2012-11-18 04:40:00,-26.9590,152.9572,4.0,,,,,
2012-11-18 04:20:00,-27.0851,152.9513,3.0,,,,,
2012-11-18 07:25:00,-27.6717,152.9189,2.0,,,,,
2012-11-18 03:40:00,-27.6817,152.9816,3.0,,,,,
2012-11-18 03:45:00,-26.7776,151.1108,4.0,,,,,
2012-11-18 03:10:00,-27.6495,152.7402,3.0,,,,,
2012-11-18 07:30:00,-27.6145,152.7608,6.0,,,,,
2012-11-18 06:45:00,-27.9998,152.6816,9.0,,,,,
2012-11-18 07:00:00,-27.6304,152.6997,2.0,,,,,
2012-11-18 07:40:00,-27.6723,152.8986,3.5,,,,,
2012-11-18 07:53:00,-27.4937,152.9297,4.3,,,,,
2012-11-18 08:00:00,-27.4817,152.9900,6.7,,,,,
2012-11-18 08:00:00,-27.4417,152.9833,2.0,,,,,
2012-08-23 06:15:00,-37.7770,145.0901,0.8,,,,,
2012-11-30 11:00:00,-37.5604,143.8575,11.0,,,,,
2012-11-18 08:30:00,-27.4500,153.0583,3.0,,,,,
2012-11-17 10:15:00,-27.4340,151.7211,4.0,,,,,
2012-11-18 08:39:00,-27.5942,152.9719,4.0,,,,,
2012-11-18 09:05:00,-27.6517,152.8475,5.0,,,,,
2012-11-18 09:09:00,-27.5615,152.9094,6.0,,,,,
2012-11-18 09:24:00,-27.3500,152.9667,3.0,,,,,
2012-11-17 06:40:00,-27.8790,151.2683,4.0,,,,,
2012-11-17 07:30:00,-27.7581,151.4467,6.0,,,,,
2012-11-17 07:35:00,-27.7162,151.6333,10.0,,,,,
2012-11-17 10:15:00,-27.3048,151.8519,4.0,,,,,
2012-11-03 10:15:00,-24.1162,148.0886,2.2,,,,,
2012-12-18 06:50:00,-27.9326,151.9055,3.0,,,,,
2012-12-18 06:30:00,-27.5612,152.2755,4.3,,,,,
2012-12-18 06:30:00,-27.6315,152.3939,2.5,,,,,
2012-12-18 06:55:00,-27.6315,152.3939,3.2,,,,,
2012-02-13 00:00:00,-28.1956,152.2114,4.3,,,,,
2013-01-19 00:00:00,-28.2154,152.0353,1.7,,,,,
2012-08-23 07:15:00,-30.3317,149.7678,5.0,,,,,
2012-10-14 06:50:00,-28.8817,153.3178,3.0,,,,,
2012-11-24 00:05:00,-29.4565,151.9411,2.1,,,,,
2012-12-03 04:00:00,-31.1095,150.9147,2.0,,,,,
2012-12-03 04:37:00,-31.0817,150.9345,7.2,,,,,
2012-12-28 06:10:00,-32.7317,152.0345,3.0,,,,,
2012-12-28 07:00:00,-32.4484,152.5511,2.4,,,,,
2013-02-01 03:20:00,-33.5817,150.2512,4.3,,,,,
2013-02-15 02:35:00,-35.5652,148.0846,4.0,,,,,
2012-11-09 02:05:00,-33.8901,150.9096,3.0,,,,,
2013-04-16 13:35:00,-32.3492,147.1037,2.4,,,,,
2010-11-19 00:00:00,-34.2406,116.1461,0.0,,,,,
2010-11-29 00:00:00,-22.6600,114.1800,1.7,,,,,
2012-07-12 00:00:00,-34.5799,138.9253,2.0,,,,,
2011-10-08 22:00:00,-32.0464,115.9183,3.0,,,,,
2011-10-12 05:48:00,-32.9803,121.6447,3.8,,,,,
2011-10-22 03:50:00,-17.9269,124.8119,0.0,,,,,
2013-05-20 00:00:00,-36.3101,140.7719,2.0,,,,,
2013-10-29 03:10:00,-31.1488,150.9833,4.0,,,,,
2013-11-11 04:30:00,-30.3700,153.1000,3.0,,,,,
2013-11-15 10:30:00,-33.9200,151.2300,2.0,,,,,
2013-11-16 02:15:00,-30.8397,153.0363,4.0,,,,,
2013-11-16 02:30:00,-30.3700,153.1000,6.0,,,,,
2013-10-08 04:00:00,-28.8650,153.5350,3.0,,,,,
2013-10-29 02:10:00,-31.4330,152.8650,3.0,,,,,
2013-10-29 02:10:00,-31.4650,152.9190,4.3,,,,,
2013-10-29 03:30:00,-31.2340,151.0200,3.5,,,,,
2013-11-10 04:40:00,-28.8640,153.0460,4.3,,,,,
2013-11-11 03:00:00,-30.4530,152.8970,2.0,,,,,
2013-11-11 12:15:00,-34.4800,150.4180,2.0,,,,,
2013-11-13 02:30:00,-30.6430,153.0030,3.2,,,,,
2013-11-13 02:40:00,-30.5920,153.0050,4.3,,,,,
2013-11-13 03:20:00,-30.4550,152.8960,2.1,,,,,
2013-11-14 04:20:00,-28.8420,153.4390,4.3,,,,,
2013-11-15 06:30:00,-33.0600,150.8600,6.7,,,,,
2013-11-16 02:10:00,-28.8540,152.5164,3.0,,,,,
2013-11-16 02:15:00,-30.4484,152.9011,4.3,,,,,
2013-11-16 02:20:00,-30.4484,152.9011,8.0,,,,,
2013-11-16 02:40:00,-30.3151,153.1178,4.0,,,,,
2013-11-16 03:10:00,-28.6151,153.0011,4.0,,,,,
2013-11-16 03:10:00,-30.7151,150.7178,4.0,,,,,
2013-12-11 04:25:00,-29.6817,152.9345,4.0,,,,,
2013-12-11 06:10:00,-30.1151,153.2011,2.5,,,,,
2013-12-14 03:20:00,-30.6317,152.8642,4.0,,,,,
2013-12-14 03:30:00,-30.4484,152.9011,2.0,,,,,
2013-12-14 03:30:00,-31.5984,152.4678,7.0,,,,,
2012-01-04 06:00:00,-29.2625,117.6847,3.0,,,,,
2014-03-08 09:00:00,-34.7817,149.2679,3.0,,,,,
2013-10-26 17:00:00,-12.3828,130.8486,0.0,,,,,
2014-03-22 04:10:00,-34.5817,150.7762,3.2,,,,,
2014-03-22 04:45:00,-34.2984,150.5846,2.5,,,,,
2014-03-22 07:20:00,-34.0151,151.0179,4.3,,,,,
2014-03-30 09:00:00,-33.7817,150.7679,4.3,,,,,
2014-04-24 16:00:00,-32.4484,152.2011,5.0,,,,,
2014-03-16 09:00:00,-30.5151,151.6650,2.4,,,,,
2014-04-25 06:15:00,-30.7595,151.6652,0.0,,,,,
2013-12-14 02:15:00,-30.5916,152.9399,4.0,,,,,
2014-03-22 07:20:00,-34.0651,151.0179,2.4,,,,,
2013-11-12 02:45:00,-33.5400,150.6900,2.0,,,,,
2014-06-28 03:50:00,-31.3300,151.0500,3.5,,,,,
2013-09-21 12:30:00,-36.7426,142.1940,2.0,,,,,
2013-10-22 08:00:00,-36.0022,146.5429,2.0,,,,,
2012-05-13 06:40:00,-35.0175,117.8839,2.0,,,,,
2012-11-24 09:30:00,-30.6375,116.0100,2.9,,,,,
2013-06-09 00:00:00,-35.0175,117.8839,4.3,,,,,
2014-09-02 04:45:00,-30.8651,153.0845,2.0,,,,,
2014-09-16 03:00:00,-34.1817,150.6012,4.3,,,,,
2014-09-27 05:55:00,-28.9317,153.1678,2.9,,,,,
2014-09-27 06:25:00,-28.6151,153.0011,2.5,,,,,
2014-10-12 20:40:00,-33.0984,148.8512,2.5,,,,,
2014-10-13 06:05:00,-29.7484,153.0345,2.0,,,,,
2014-10-14 01:30:00,-30.0984,153.1511,3.0,,,,,
2014-10-23 06:20:00,-28.8540,152.5164,2.0,,,,,
2014-11-05 02:55:00,-32.2484,148.6012,2.0,,,,,
2014-11-05 04:00:00,-33.6067,150.8096,2.9,,,,,
2014-11-05 03:45:00,-33.6256,150.8932,4.0,,,,,
2014-11-05 04:45:00,-33.7484,150.7512,2.4,,,,,
2014-11-05 04:50:00,-32.9151,151.6178,2.9,,,,,
2014-11-05 04:00:00,-31.5984,152.4678,5.0,,,,,
2014-11-22 06:00:00,-34.1721,142.2486,0.0,,,,,
2014-12-01 03:00:00,-33.6984,149.8679,2.9,,,,,
2014-12-01 03:15:00,-36.0652,146.9347,3.0,,,,,
2014-12-03 04:30:00,-34.4484,150.4512,3.0,,,,,
2014-12-04 05:57:00,-35.3333,149.1667,3.2,,,,,
2014-12-04 07:27:00,-35.1152,147.3679,2.0,,,,,
2014-12-04 07:40:00,-33.6984,149.8679,2.9,,,,,
2014-12-07 04:20:00,-33.7026,151.1123,2.0,,,,,
2014-12-07 04:25:00,-33.7234,151.0929,3.0,,,,,
2014-12-07 04:30:00,-33.7484,151.1512,2.0,,,,,
2014-12-07 05:00:00,-33.7317,151.1346,5.0,,,,,
2014-12-09 06:00:00,-28.3317,153.3845,4.3,,,,,
2014-12-09 00:00:00,-28.3317,153.3845,5.5,,,,,
2014-12-10 05:20:00,-32.9651,150.6679,10.0,,,,,
2014-10-22 00:00:00,-33.8333,116.3906,2.9,,,,,
2014-12-08 04:47:00,-32.6817,151.7845,2.0,,,,,
2014-12-23 02:00:00,-33.5567,151.2179,2.5,,,,,
2014-12-25 03:25:00,-33.8317,148.6512,4.0,,,,,
2015-01-19 09:36:00,-29.6651,151.6845,2.5,,,,,
2015-02-02 00:00:00,-31.8364,115.8917,1.7,,,,,
2015-02-03 08:00:00,-20.6906,116.6950,2.0,,,,,
2015-01-31 01:40:00,-30.0957,153.1972,4.3,,,,,
2015-01-31 01:00:00,-30.2042,153.1485,3.0,,,,,
2015-01-31 02:00:00,-28.8430,0.0000,2.5,,,,,
2015-02-01 01:00:00,-32.0873,152.3748,2.0,,,,,
2015-02-26 07:50:00,-31.6061,152.4669,3.0,,,,,
2015-02-26 07:20:00,-32.2637,150.8890,3.2,,,,,
2015-03-01 04:00:00,-34.0531,150.6984,2.9,,,,,
2015-03-11 06:25:00,-34.2918,150.5813,3.0,,,,,
2015-03-12 07:35:00,-33.6920,150.5458,4.3,,,,,
2015-03-12 07:50:00,-33.6352,150.2846,2.5,,,,,
2015-03-12 08:30:00,-32.9300,150.7000,5.0,,,,,
2015-03-21 06:10:00,-30.4218,149.8546,10.0,,,,,
2015-04-06 05:18:00,-32.9419,151.7677,2.0,,,,,
2015-04-06 06:10:00,0.0000,0.0000,2.5,,,,,
2015-04-25 04:13:00,-33.6800,150.2900,2.5,,,,,
2014-02-26 04:25:00,-36.7967,147.5250,2.4,,,,,
2014-09-09 05:30:00,-37.8142,145.2255,3.8,,,,,
2014-09-09 05:30:00,-37.8396,145.2612,3.8,,,,,
2014-10-13 07:30:00,-36.6881,147.1444,2.1,,,,,
2014-12-01 00:00:00,-36.7019,146.9109,3.2,,,,,
2014-12-01 00:00:00,-36.1211,146.8844,3.2,,,,,
2014-12-03 00:00:00,-34.1288,142.0042,2.1,,,,,
2014-12-06 02:30:00,-36.3227,146.2814,2.5,,,,,
2014-12-01 03:00:00,-36.5222,146.4974,2.2,,,,,
2014-12-16 02:12:00,-42.8900,147.3300,2.5,,,,,
2014-12-16 05:54:00,-42.8900,147.3300,2.5,,,,,
2011-12-19 05:25:00,-42.8900,147.3300,0.0,,,,,
2012-11-09 00:00:00,-42.9000,147.4420,0.0,,,,,
2012-11-09 00:25:00,-42.9800,147.3160,0.0,,,,,
2015-10-10 07:00:00,-38.0422,145.3476,2.1,,,,,
2015-08-24 11:30:00,-33.7151,149.8346,2.1,,,,,
2015-09-17 01:55:00,-32.7442,151.5872,4.3,,,,,
2015-09-17 02:17:00,-32.7651,151.7345,1.9,,,,,
2015-09-30 06:13:00,-32.0151,151.9345,2.1,,,,,
2015-10-11 04:30:00,-31.5984,152.4678,2.5,,,,,
2015-10-31 05:30:00,-36.3712,144.2301,4.0,,,,,
2015-10-31 06:50:00,-36.1023,144.6865,4.3,,,,,
2015-12-08 03:20:00,-36.3846,145.4045,4.3,,,,,
2015-10-31 04:00:00,-36.8596,143.7325,4.3,,,,,
2015-06-21 00:00:00,-33.6931,115.0375,1.0,,,,,
2015-08-08 00:00:00,0.0000,0.0000,0.6,,,,,
2015-10-17 00:00:00,0.0000,0.0000,2.9,,,,,
2015-10-25 00:00:00,-31.2272,119.3267,0.0,,,,,
2013-04-17 06:50:00,-26.1901,152.6655,2.0,,,,,
2013-09-17 02:10:00,-27.9726,153.1977,2.5,,,,,
2013-09-17 02:10:00,-27.9167,153.3000,3.0,,,,,
2013-09-22 05:00:00,-24.9520,152.0608,2.0,,,,,
2013-09-22 05:30:00,-25.2651,152.3761,6.0,,,,,
2013-09-22 05:50:00,-25.2365,152.2774,7.0,,,,,
2013-09-29 04:30:00,-26.1901,152.6655,2.0,,,,,
2013-09-29 04:45:00,-26.1583,152.8347,3.0,,,,,
2013-10-03 05:45:00,-24.3273,151.5586,2.4,,,,,
2013-10-03 07:45:00,-23.3781,150.5136,2.4,,,,,
2013-10-18 04:05:00,-27.4340,151.7211,2.4,,,,,
2013-10-29 06:50:00,-26.6709,152.0003,2.9,,,,,
2013-11-01 04:13:00,-22.2757,148.0458,5.3,,,,,
2013-11-01 05:40:00,-23.2021,148.2694,7.3,,,,,
2013-11-10 04:10:00,-27.6734,153.0969,4.3,,,,,
2013-11-10 04:25:00,-27.6776,153.1344,4.0,,,,,
2013-11-11 08:30:00,-28.6548,151.9350,4.3,,,,,
2013-11-13 00:00:00,-27.5612,152.2755,4.0,,,,,
2013-11-13 00:00:00,-27.5612,152.2755,4.3,,,,,
2013-11-13 00:00:00,-27.5592,151.9536,3.0,,,,,
2013-11-13 06:06:00,-27.6315,152.3939,4.3,,,,,
2013-11-15 07:10:00,-25.9345,152.6380,6.7,,,,,
2013-11-15 03:50:00,-26.1901,152.6655,4.3,,,,,
2013-11-16 03:20:00,-27.7465,153.0302,9.7,,,,,
2013-11-16 03:06:00,-26.5834,153.0955,6.7,,,,,
2013-11-16 03:00:00,-26.6554,153.0933,7.2,,,,,
2013-11-16 02:20:00,-26.7581,152.8513,6.7,,,,,
2013-11-16 04:55:00,-25.9076,153.0888,4.0,,,,,
2013-11-16 04:05:00,-26.7654,152.9613,9.0,,,,,
2013-11-16 03:35:00,-27.7154,152.9511,5.0,,,,,
2013-11-16 03:20:00,-27.7154,152.9511,4.0,,,,,
2013-11-16 03:00:00,-26.6234,153.0927,9.0,,,,,
2016-01-03 03:00:00,-36.7756,144.2593,2.0,,,,,
2016-01-22 06:00:00,-35.7303,142.3623,3.2,,,,,
2013-11-18 05:45:00,-27.9401,153.3177,4.3,,,,,
2013-11-18 06:00:00,-27.8723,153.3147,7.4,,,,,
2013-11-18 06:30:00,-27.4484,153.0122,2.4,,,,,
2013-11-18 06:30:00,-27.3667,152.8667,4.0,,,,,
2013-11-18 06:00:00,-27.9167,153.3000,4.0,,,,,
2013-11-18 05:20:00,-28.0195,153.1652,4.0,,,,,
2013-11-18 05:05:00,-27.9881,152.9958,3.0,,,,,
2013-11-18 05:00:00,-26.5606,152.9563,4.3,,,,,
2013-11-23 06:00:00,-28.4162,151.0800,2.0,,,,,
2013-11-23 06:30:00,-27.6229,152.7336,2.0,,,,,
2013-11-23 07:20:00,-28.1615,151.6975,4.3,,,,,
2013-11-24 07:00:00,-27.6317,153.1552,3.0,,,,,
2013-11-24 04:30:00,-27.4484,153.1302,4.3,,,,,
2013-11-24 04:10:00,-27.4512,153.1538,4.3,,,,,
2013-11-13 02:25:00,-27.5848,151.9911,2.4,,,,,
2013-11-12 04:30:00,-27.7168,150.3703,2.0,,,,,
2013-12-13 04:00:00,-27.6776,153.0594,3.0,,,,,
2013-12-14 07:40:00,-27.9998,152.6816,4.5,,,,,
2013-12-14 06:40:00,-28.2795,152.7050,4.3,,,,,
2013-12-16 06:40:00,-28.4895,151.9708,4.0,,,,,
2013-12-27 04:20:00,-26.3556,152.6722,4.3,,,,,
2013-12-30 07:30:00,-26.5409,151.8394,3.0,,,,,
2013-12-30 07:15:00,-26.6709,152.0002,2.0,,,,,
2013-12-30 07:00:00,-26.9818,151.8350,4.3,,,,,
2013-11-14 00:00:00,-27.6315,152.3939,4.3,,,,,
2013-11-14 04:30:00,-27.7168,150.3703,2.0,,,,,
2013-12-31 05:30:00,-26.5409,151.8394,2.4,,,,,
2013-12-31 05:20:00,-26.6904,151.6550,4.3,,,,,
2013-12-31 07:35:00,-27.6609,151.9039,4.3,,,,,
2013-12-31 07:50:00,-27.6609,151.9039,2.4,,,,,
2014-01-22 05:00:00,-27.7462,152.6666,4.0,,,,,
2014-01-22 06:30:00,-28.6548,151.9350,3.0,,,,,
2015-07-11 23:05:00,-33.7484,150.7512,2.4,,,,,
2016-11-07 04:40:00,-28.3317,153.3845,2.0,,,,,
2015-10-12 04:30:00,-31.5984,152.4678,2.5,,,,,
2015-11-07 04:40:00,-28.3317,153.3845,2.0,,,,,
2015-11-13 05:00:00,-33.5151,151.2984,4.0,,,,,
2015-11-13 08:15:00,-32.5651,151.1678,3.5,,,,,
2015-11-22 06:50:00,-29.3151,151.0845,3.2,,,,,
2015-11-23 04:20:00,-29.4401,153.3595,3.2,,,,,
2015-11-23 04:30:00,-29.0817,152.9511,4.3,,,,,
2015-11-23 07:10:00,-28.8317,153.4345,4.3,,,,,
2015-11-23 07:30:00,-28.8540,152.5164,4.0,,,,,
2015-11-29 02:58:00,-30.4484,152.9011,4.5,,,,,
2015-11-29 05:28:00,-28.8151,153.2845,4.0,,,,,
2015-11-29 05:30:00,-28.9317,153.1678,5.0,,,,,
2015-12-01 04:50:00,-29.0817,152.9511,3.0,,,,,
2015-12-09 04:40:00,-31.0817,152.8345,2.0,,,,,
2015-12-09 07:30:00,-30.3817,153.0511,2.0,,,,,
2015-12-09 09:45:00,-33.7484,151.2012,2.0,,,,,
2015-12-15 23:25:00,-34.0484,151.1512,6.0,,,,,
2015-11-03 04:10:00,-25.2087,133.2536,0.0,,,,,
2015-11-14 05:36:00,-14.4478,132.2747,1.0,,,,,
2015-11-14 05:36:00,-14.4478,132.2747,1.0,,,,,
2015-12-16 02:00:00,-33.6317,150.2846,3.0,,,,,
2016-01-12 04:42:00,-29.9317,152.7178,2.0,,,,,
2015-10-12 03:09:00,-34.0567,150.6929,2.0,,,,,
2015-11-29 03:00:00,-30.4484,152.9011,7.0,,,,,
2015-11-29 05:00:00,-28.7317,153.4011,3.0,,,,,
2016-01-25 08:30:00,-35.4167,149.1000,4.3,,,,,
2016-01-29 11:28:00,-33.9651,150.8929,2.0,,,,,
2016-01-30 05:45:00,-33.7151,151.2346,2.5,,,,,
2016-02-11 06:00:00,-35.3576,149.2332,4.3,,,,,
2016-02-20 07:00:00,-34.0151,150.6846,3.0,,,,,
2016-03-03 06:35:00,-35.2484,149.4512,3.0,,,,,
2016-01-28 03:40:00,-41.6308,146.7000,5.0,,,,,
2016-01-28 04:00:00,-41.6000,147.1200,4.3,,,,,
2010-12-12 15:00:00,-41.3120,147.3680,2.0,,,,,
2016-06-17 16:00:00,-23.6994,133.8807,4.0,,,,,
2014-03-30 03:30:00,-26.6573,150.1897,4.3,,,,,
2014-04-06 04:00:00,-27.9915,152.6841,3.0,,,,,
2014-09-27 04:30:00,-27.8833,153.2833,4.3,,,,,
2014-09-27 07:00:00,-28.0195,153.1652,3.0,,,,,
2014-09-25 06:30:00,-27.5567,153.1011,3.0,,,,,
2014-10-28 05:00:00,-26.2851,152.9983,4.0,,,,,
2014-11-02 08:00:00,-25.2679,152.5552,4.3,,,,,
2014-11-06 07:30:00,-27.7465,153.0302,4.3,,,,,
2014-11-06 08:00:00,-27.9881,152.9958,3.0,,,,,
2014-11-18 05:40:00,-26.3184,151.8736,4.3,,,,,
2014-11-19 04:00:00,-27.4615,152.0561,2.4,,,,,
2014-11-21 10:09:00,-28.0356,151.9803,2.0,,,,,
2014-11-27 04:24:00,-28.0333,153.2833,4.3,,,,,
2014-11-27 06:12:00,-27.6651,153.1469,3.0,,,,,
2014-11-27 06:42:00,-27.4679,153.0280,7.2,,,,,
2014-11-27 06:50:00,-27.4095,153.0122,4.3,,,,,
2014-12-05 04:30:00,-26.4018,146.2384,2.0,,,,,
2014-12-09 08:00:00,-27.5104,153.1125,3.0,,,,,
2014-12-09 08:00:00,-27.5067,153.0927,2.4,,,,,
2014-12-11 04:00:00,-28.9193,151.4520,4.3,,,,,
2016-10-21 08:00:00,-33.1373,148.1747,2.0,,,,,
2016-10-21 08:00:00,-32.9000,147.7000,0.0,,,,,
2016-10-28 05:41:00,-32.2315,148.6330,2.4,,,,,
2016-11-08 09:45:00,-29.8167,152.8833,2.5,,,,,
2016-11-11 08:00:00,-31.9539,141.4539,5.0,,,,,
2016-11-12 06:30:00,-30.3324,149.7812,2.0,,,,,
2016-11-28 03:30:00,-33.4876,150.8697,3.2,,,,,
2016-11-20 05:40:00,-33.4200,149.5800,2.0,,,,,
2016-12-01 05:00:00,-28.6254,153.0026,5.0,,,,,
2016-12-01 04:40:00,-28.6820,152.8654,4.0,,,,,
2016-12-01 04:20:00,-30.0155,153.1855,3.5,,,,,
2016-12-03 04:30:00,-28.6254,153.0026,4.3,,,,,
2016-12-05 12:09:00,-30.1130,153.1838,3.0,,,,,
2014-12-17 05:50:00,-26.5950,152.7274,2.0,,,,,
2014-12-17 06:00:00,-26.3625,152.8563,4.3,,,,,
2014-12-17 06:00:00,-26.4167,152.9118,7.2,,,,,
2014-12-21 07:30:00,-28.5462,150.3097,1.9,,,,,
2014-12-06 09:00:00,-17.5226,146.0297,0.0,,,,,
2015-01-19 04:00:00,-16.8198,145.6369,1.7,,,,,
2015-01-20 06:00:00,-27.1814,151.2660,2.0,,,,,
2015-01-26 06:00:00,-28.0123,151.5838,5.0,,,,,
2015-01-31 05:45:00,-27.8100,152.6671,2.5,,,,,
2015-01-31 06:40:00,-27.5859,153.0260,6.7,,,,,
2015-01-31 07:50:00,-27.4666,153.0583,2.0,,,,,
2015-02-27 05:00:00,-27.5592,151.9535,2.9,,,,,
2015-03-21 08:00:00,-26.7384,150.6283,6.7,,,,,
2015-03-21 08:00:00,-26.7384,150.6283,12.0,,,,,
2015-06-25 07:40:00,-23.8428,151.2555,2.0,,,,,
2015-08-25 08:00:00,-28.5166,150.3666,2.5,,,,,
2015-09-27 04:20:00,-27.4817,152.9899,2.5,,,,,
2015-09-27 04:15:00,-27.5039,152.9816,4.0,,,,,
2015-09-27 04:00:00,-27.5706,152.9871,1.9,,,,,
2015-09-30 07:30:00,-27.5570,152.5455,2.0,,,,,
2015-10-23 09:30:00,-25.2364,152.2774,2.4,,,,,
2015-10-23 09:30:00,-24.4867,150.5760,2.4,,,,,
2015-10-27 06:00:00,-27.6400,152.5996,3.0,,,,,
2015-10-27 06:30:00,-27.4486,152.6510,5.0,,,,,
2015-10-27 07:15:00,-27.1970,152.8227,7.2,,,,,
2015-10-28 06:30:00,-26.7384,150.6283,4.3,,,,,
2015-10-29 10:30:00,-25.2098,152.0405,2.5,,,,,
2015-10-28 10:30:00,-25.2098,152.0405,2.5,,,,,
2015-11-06 07:30:00,-22.0017,148.0533,3.0,,,,,
2015-11-06 08:00:00,-26.8861,152.1371,2.4,,,,,
2015-11-09 07:00:00,-19.6000,146.5500,0.0,,,,,
2015-11-14 06:30:00,-28.0364,148.5797,2.0,,,,,
2015-11-14 06:30:00,-27.4634,151.9458,2.0,,,,,
2015-11-15 06:30:00,-19.8798,146.6338,2.0,,,,,
2015-11-15 06:30:00,-20.1309,148.1813,2.0,,,,,
2015-11-15 06:30:00,-24.9909,151.9557,4.0,,,,,
2015-11-15 05:30:00,-23.5759,148.8869,4.3,,,,,
2015-11-16 05:00:00,-22.5856,148.3508,5.0,,,,,
2015-11-16 06:00:00,-25.6403,149.7983,2.0,,,,,
2015-11-22 05:45:00,-28.4161,151.0800,4.0,,,,,
2015-11-23 06:30:00,-28.6548,151.9349,6.7,,,,,
2015-11-23 08:00:00,-27.5592,151.9535,0.0,,,,,
2015-11-23 08:10:00,-27.6314,152.3938,5.0,,,,,
2015-11-24 05:00:00,-26.9431,152.5652,3.0,,,,,
2015-11-24 07:30:00,-27.5770,152.2021,3.0,,,,,
2015-11-27 04:30:00,-26.5376,151.8382,2.0,,,,,
2015-11-27 04:30:00,-26.5376,151.8382,5.0,,,,,
2015-11-28 06:00:00,-27.4339,151.7210,6.7,,,,,
2015-11-29 05:00:00,-27.2767,150.4572,4.3,,,,,
2015-11-29 05:00:00,-28.2153,152.0352,4.3,,,,,
2015-11-29 05:00:00,-28.0717,152.2399,4.5,,,,,
2015-11-29 07:30:00,-27.4678,153.0280,4.3,,,,,
2015-11-30 08:00:00,-26.5409,151.8394,4.3,,,,,
2015-11-30 04:45:00,-26.8856,152.1030,4.3,,,,,
2015-11-30 06:00:00,-27.2659,152.0580,4.3,,,,,
2015-11-30 06:45:00,-27.8034,152.5885,4.3,,,,,
2015-11-07 06:20:00,-27.6650,153.0594,6.7,,,,,
2015-12-11 07:30:00,-28.2153,152.0352,2.5,,,,,
2015-12-23 06:00:00,-28.6548,151.9349,2.5,,,,,
2016-02-01 06:30:00,-27.1833,152.9333,2.1,,,,,
2016-03-20 07:00:00,-27.2659,152.0580,4.3,,,,,
2016-12-01 04:20:00,-28.6911,153.0030,7.5,,,,,
2016-11-30 04:15:00,-29.3238,152.6506,6.5,,,,,
2016-10-16 17:30:00,-36.3752,146.4972,4.2,,,,,
2016-12-30 00:00:00,-37.7186,148.4501,5.0,,,,,
2017-02-17 02:15:00,-33.7258,150.4128,2.0,,,,,
2017-02-17 05:50:00,-33.6564,151.3137,2.0,,,,,
2017-02-18 04:07:00,-34.4792,150.4181,4.3,,,,,
2017-02-18 05:11:00,-33.7220,151.0850,4.3,,,,,
2017-02-18 05:13:00,-33.7245,151.0970,5.0,,,,,
2017-02-18 05:10:00,-33.7230,151.0706,5.0,,,,,
2017-02-18 05:24:00,-33.7456,151.1374,4.3,,,,,
2017-02-18 05:10:00,-33.7395,151.0733,2.5,,,,,
2017-02-18 04:50:00,-33.6525,150.9410,9.0,,,,,
2017-02-18 05:00:00,-34.4317,150.8191,4.3,,,,,
2017-02-18 05:15:00,-33.7029,151.1003,4.0,,,,,
2017-02-24 03:12:00,-33.4827,150.1570,0.0,,,,,
2017-03-13 01:40:00,-32.2315,148.6330,2.0,,,,,
2017-03-13 03:15:00,-32.3500,149.5333,2.0,,,,,
2017-02-18 05:00:00,-33.7210,151.0440,5.0,,,,,
2017-02-18 05:20:00,-33.7000,151.1060,5.0,,,,,
2017-05-05 00:00:00,-24.8679,152.3511,3.0,,,,,
2016-10-03 08:00:00,-27.5598,151.9508,0.0,,,,,
2016-10-28 04:10:00,-30.9651,151.3511,2.0,,,,,
2016-12-23 07:00:00,-30.9651,151.3511,2.0,,,,,
2016-11-11 05:17:00,-31.9652,141.4513,4.6,,,,,
2016-11-11 06:30:00,-31.9652,141.4513,3.0,,,,,
2017-08-24 05:40:00,-28.0930,153.2883,2.9,,,,,
2017-08-24 05:25:00,-28.8817,153.3011,4.0,,,,,
2017-08-24 05:50:00,-28.7984,153.3845,4.0,,,,,
2016-01-25 00:00:00,-31.8788,116.7655,0.0,,,,,
2016-03-19 06:30:00,-31.6692,116.0186,1.9,,,,,
2017-10-22 07:20:00,-34.7680,149.6700,2.0,,,,,
2017-10-26 03:07:00,-31.8400,152.6000,4.0,,,,,
2017-10-26 05:00:00,-32.4374,151.5576,5.0,,,,,
2017-10-26 05:17:00,-32.9140,151.7580,3.0,,,,,
2017-10-26 05:00:00,-32.9051,151.7230,2.0,,,,,
2017-10-26 07:30:00,-32.7384,152.1813,4.0,,,,,
2017-10-26 05:30:00,-32.0280,152.5356,4.3,,,,,
2017-10-26 09:40:00,-33.7167,149.8667,3.2,,,,,
2017-10-26 05:15:00,-32.9135,151.7079,4.0,,,,,
2017-10-26 04:45:00,-32.4080,151.7500,7.8,,,,,
2017-11-05 02:10:00,-29.9130,152.9840,4.0,,,,,
2017-11-05 08:55:00,-28.9940,153.2820,4.3,,,,,
2017-11-06 04:10:00,-30.3324,149.7812,4.3,,,,,
2017-11-06 05:20:00,-30.5016,151.6662,4.0,,,,,
2017-11-06 05:20:00,-30.5016,151.6662,3.0,,,,,
2017-02-14 05:20:00,-30.4595,151.3553,2.5,,,,,
2017-11-17 02:00:00,-34.9706,149.0298,4.0,,,,,
2017-11-17 04:30:00,-35.1833,149.1333,4.3,,,,,
2017-12-09 02:45:00,-29.6817,152.9345,7.0,,,,,
2017-12-17 06:48:00,-33.7167,149.8667,3.2,,,,,
2017-12-25 04:18:00,-29.8651,151.2178,3.0,,,,,
2017-12-25 04:21:00,-29.7067,153.0178,4.0,,,,,
2017-12-26 06:30:00,-30.3817,150.6178,4.0,,,,,
2017-11-05 08:00:00,-28.7916,153.3950,4.0,,,,,
2017-10-26 08:10:00,-28.7916,153.3950,3.0,,,,,
2017-10-11 05:00:00,-28.5040,152.4310,3.0,,,,,
2017-12-06 02:14:00,-33.8950,150.9140,2.0,,,,,
2017-11-17 03:00:00,-33.5562,150.2611,2.9,,,,,
2017-12-09 02:41:00,-29.6690,152.9820,5.0,,,,,
2018-01-01 05:37:00,-31.0817,152.8345,5.5,,,,,
2018-01-01 06:34:00,-28.8317,153.5345,4.2,,,,,
2018-01-01 08:04:00,-28.9484,153.4678,7.5,,,,,
2018-01-02 04:58:00,-33.7317,150.4179,4.2,,,,,
2018-01-09 04:30:00,-35.1151,148.6679,4.5,,,,,
2018-02-16 07:00:00,-29.6817,152.9337,2.0,,,,,
2018-04-14 07:00:00,-32.5651,151.1511,4.3,,,,,
2016-04-08 23:00:00,-29.8206,115.2708,1.0,,,,,
2016-04-10 15:24:00,-33.3539,116.1522,3.2,,,,,
2016-04-19 00:00:00,-27.9203,120.6967,2.1,,,,,
2018-10-10 00:00:00,-32.9200,151.7000,2.0,,,,,
2018-10-11 06:09:00,-28.9151,150.3845,4.3,,,,,
2018-10-18 05:18:00,-33.4182,151.4431,4.3,,,,,
2018-11-07 03:30:00,-31.2000,152.8500,4.3,,,,,
2018-11-17 04:43:00,-28.4740,152.5460,5.0,,,,,
2018-11-17 04:30:00,-29.6669,153.0000,4.3,,,,,
2018-12-20 05:39:00,-33.8984,151.1596,2.0,,,,,
2018-12-20 05:51:00,-33.5067,151.1679,5.0,,,,,
2018-12-20 05:51:00,-33.3215,149.1312,3.5,,,,,
2018-12-20 06:14:00,-33.9567,151.0262,5.0,,,,,
2018-12-20 06:14:00,-33.6651,151.1179,8.0,,,,,
2018-12-20 06:15:00,-33.6317,151.3179,2.0,,,,,
2018-12-20 06:16:00,-33.4234,151.3761,4.0,,,,,
2018-12-20 06:31:00,-33.4234,151.3678,4.3,,,,,
2018-12-20 06:53:00,-33.5067,151.1679,8.0,,,,,
2018-12-20 06:45:00,-34.0651,151.0179,4.5,,,,,
2018-12-20 07:02:00,-33.6317,150.2846,3.0,,,,,
2018-12-20 07:06:00,-34.0817,151.0179,5.0,,,,,
2018-12-20 07:15:00,-33.8651,151.2179,5.0,,,,,
2018-12-20 07:19:00,-33.8901,151.2679,5.0,,,,,
2018-12-20 07:20:00,-33.8901,151.2179,5.0,,,,,
2018-12-20 07:40:00,-33.9234,151.1596,4.0,,,,,
2018-12-20 07:00:00,-33.8901,151.2346,6.5,,,,,
2018-12-20 07:10:00,-33.8901,150.9096,6.0,,,,,
2018-12-22 04:20:00,-28.9734,153.2595,2.8,,,,,
2018-12-22 05:15:00,-28.3151,153.4345,2.8,,,,,
2018-12-22 05:18:00,-28.2567,153.5761,4.2,,,,,
2019-01-11 02:00:00,-34.8651,148.8679,4.0,,,,,
2019-01-11 04:00:00,-35.3333,149.0500,4.2,,,,,
2019-01-11 04:00:00,-35.3360,149.0530,2.0,,,,,
2019-01-11 02:51:00,-33.5817,150.2512,4.5,,,,,
2019-03-14 07:10:00,-33.7100,150.9260,4.2,,,,,
2019-03-14 07:30:00,-33.7160,150.9550,4.2,,,,,
2018-09-29 07:45:00,-28.3830,153.5670,3.5,,,,,
2017-11-24 04:15:00,-42.1260,148.0730,2.0,,,,,
2017-12-19 08:00:00,-41.1630,147.5100,2.1,,,,,
2018-03-03 06:30:00,-43.1080,147.2270,3.0,,,,,
2018-05-10 09:00:00,-43.1480,147.8410,4.0,0,0,0,0,
2018-12-08 08:00:00,-42.1260,148.0730,0.0,,,,,
2018-12-16 06:15:00,-42.7000,147.2520,2.0,,,,,
2021-10-19 03:45:00,-20.8359,148.6509,16.0,,,,,
